# file	test	verdict	target_placement	note
# verdict: keep | move-inline | move-to-tests | regroup | delete
# `delete` rows must name their survivor in the note (CLN-04).
crates/piperine-api/src/fourier.rs	fails_loud_on_n_harmonics_below_two	keep	inline	hint:unit
crates/piperine-api/src/fourier.rs	fails_loud_on_nonpositive_f0	keep	inline	hint:unit
crates/piperine-api/src/fourier.rs	fails_loud_on_span_shorter_than_one_period	keep	inline	hint:unit
crates/piperine-api/src/fourier.rs	hd3_and_thd_match_synthesized_two_tone	keep	inline	hint:unit
crates/piperine-api/src/fourier.rs	matches_numpy_fft_reference_on_multi_tone	keep	inline	hint:unit
crates/piperine-api/src/fourier.rs	resamples_nonuniform_grid_before_dft	keep	inline	hint:unit
crates/piperine-api/src/units.rs	freq_accepts_bare_f64	keep	inline	hint:unit
crates/piperine-api/src/units.rs	freq_garbage_string_fails_loud	keep	inline	hint:unit
crates/piperine-api/src/units.rs	freq_parses_si_suffixed_strings	keep	inline	hint:unit
crates/piperine-api/src/units.rs	time_parses_si_suffixed_strings	keep	inline	hint:unit
crates/piperine-api/tests/smoke.rs	dependency_set_is_lang_codegen_solver_only	keep	tests	hint:integration
crates/piperine-api/tests/smoke.rs	op_analysis_through_piperine_api	keep	tests	hint:integration
crates/piperine-api/tests/temp_sweep.rs	temp_sweep_diode_forward_drop_shifts_minus_2mv_per_c	keep	tests	hint:integration
crates/piperine-cli/tests/add_cmd.rs	a_plugin_declaring_no_permissions_needs_no_consent	keep	tests	hint:integration
crates/piperine-cli/tests/add_cmd.rs	accept_all_mode_grants_and_proceeds	keep	tests	hint:integration
crates/piperine-cli/tests/add_cmd.rs	declared_permissions_are_printed_and_a_deny_aborts	keep	tests	hint:integration
crates/piperine-cli/tests/add_cmd.rs	malformed_positional_source_fails_loud	keep	tests	hint:integration
crates/piperine-cli/tests/add_cmd.rs	positional_full_git_url_is_verbatim_and_names_the_package	keep	tests	hint:integration
crates/piperine-cli/tests/add_cmd.rs	reject_mode_denies_deterministically	keep	tests	hint:integration
crates/piperine-cli/tests/build_cmd.rs	codegen_failure_exits_nonzero_attributed_to_module	keep	tests	hint:integration
crates/piperine-cli/tests/build_cmd.rs	elaboration_failure_exits_nonzero_with_error	keep	tests	hint:integration
crates/piperine-cli/tests/build_cmd.rs	explicit_file_argument_overrides_default_discovery	keep	tests	hint:integration
crates/piperine-cli/tests/build_cmd.rs	library_only_project_prints_note_and_exits_zero	keep	tests	hint:integration
crates/piperine-cli/tests/build_cmd.rs	valid_zero_port_design_builds_and_exits_zero	keep	tests	hint:integration
crates/piperine-cli/tests/cli_check.rs	check_ppr_resistor_extracts_module	regroup	tests	rename to check_cmd.rs — matches add_cmd/build_cmd; header names a plan phase
crates/piperine-cli/tests/run_examples.rs	test_all_examples_compile	delete	tests	survivor: tests/run_examples.rs::every_example_phdl_elaborates (same layer, same assertion)
crates/piperine-cli/tests/test_tb.rs	discovery_finds_tb_files_and_skips_venv_and_target	keep	tests	hint:integration
crates/piperine-cli/tests/test_tb.rs	explicit_file_runs_only_it	keep	tests	hint:integration
crates/piperine-cli/tests/test_tb.rs	failing_testbench_shows_traceback_and_exits_one	keep	tests	hint:integration
crates/piperine-cli/tests/test_tb.rs	hanging_testbench_is_killed_and_failed	keep	tests	hint:integration
crates/piperine-cli/tests/test_tb.rs	list_prints_without_running	keep	tests	hint:integration
crates/piperine-cli/tests/test_tb.rs	no_testbenches_is_a_notice_not_a_failure	keep	tests	hint:integration
crates/piperine-cli/tests/test_tb.rs	passing_testbench_exits_zero	keep	tests	hint:integration
crates/piperine-cli/tests/test_tb.rs	run_broken_phdl_fails_instead_of_claiming_success	keep	tests	hint:integration
crates/piperine-cli/tests/test_tb.rs	run_explicit_phdl_elaborates_that_file	keep	tests	hint:integration
crates/piperine-cli/tests/test_tb.rs	run_phdl_elaborates_and_points_at_testbenches	keep	tests	hint:integration
crates/piperine-cli/tests/test_tb.rs	run_unknown_entry_fails_loud	keep	tests	hint:integration
crates/piperine-codegen/src/device/analog/operators.rs	transition_pending_edges_while_ramping	keep	inline	hint:unit
crates/piperine-codegen/src/device/analog/operators.rs	transition_ramps_linearly_over_rise_and_fall	keep	inline	hint:unit
crates/piperine-codegen/src/device/analog/operators.rs	transition_retargets_from_current_value_mid_ramp	keep	inline	hint:unit
crates/piperine-codegen/src/device/analog/operators.rs	transition_seeds_at_first_accept	keep	inline	hint:unit
crates/piperine-codegen/src/device/analog/operators.rs	transition_zero_ramp_declares_only_the_start_edge	keep	inline	hint:unit
crates/piperine-codegen/src/device/analog/operators.rs	transition_zero_rise_or_fall_steps_at_the_delay_edge	keep	inline	hint:unit
crates/piperine-codegen/tests/analog_kernel.rs	a_capacitor_emits_charge_and_charge_jacobian_but_no_resistive_current	keep	tests	hint:integration
crates/piperine-codegen/tests/analog_kernel.rs	a_diode_reads_its_thermal_voltage_from_the_sim_context	keep	tests	hint:integration
crates/piperine-codegen/tests/analog_kernel.rs	a_guarded_contribution_conducts_only_above_its_threshold	keep	tests	hint:integration
crates/piperine-codegen/tests/analog_kernel.rs	a_user_function_is_inlined_into_the_contribution	keep	tests	hint:integration
crates/piperine-codegen/tests/analog_kernel.rs	simparam_reads_the_sim_context_temperature	keep	tests	hint:integration
crates/piperine-codegen/tests/analog_kernel.rs	transition_compiles_and_claims_a_runtime_state_slot	keep	tests	hint:integration
crates/piperine-codegen/tests/checkpoint_digital.rs	combined_limiter_and_digital_round_trip	keep	tests	hint:integration
crates/piperine-codegen/tests/checkpoint_digital.rs	digital_device_checkpoints_registers	keep	tests	hint:integration
crates/piperine-codegen/tests/checkpoint_digital.rs	digital_register_device_declares_supports_rollback	keep	tests	hint:integration
crates/piperine-codegen/tests/checkpoint_digital.rs	digital_registers_round_trip_through_checkpoint_restore	keep	tests	hint:integration
crates/piperine-codegen/tests/checkpoint_limiter.rs	checkpoint_after_restore_recaptures_clean_state	keep	tests	hint:integration
crates/piperine-codegen/tests/checkpoint_limiter.rs	limiter_device_checkpoints_some_resistor_none	keep	tests	hint:integration
crates/piperine-codegen/tests/checkpoint_limiter.rs	limiter_state_round_trips_through_checkpoint_restore	keep	tests	hint:integration
crates/piperine-codegen/tests/checkpoint_limiter.rs	piperine_device_produces_limiting_report_when_clamping	keep	tests	hint:integration
crates/piperine-codegen/tests/checkpoint_limiter.rs	piperine_device_reports_none_when_limiter_idle	keep	tests	hint:integration
crates/piperine-codegen/tests/checkpoint_limiter.rs	supports_rollback_flag_tracks_the_limiter	keep	tests	hint:integration
crates/piperine-codegen/tests/codegen_api.rs	ir_analog_compile_capacitor	keep	tests	hint:integration
crates/piperine-codegen/tests/codegen_api.rs	ir_analog_compile_resistor	keep	tests	hint:integration
crates/piperine-codegen/tests/codegen_api.rs	ir_analog_compile_tanh_builtin	keep	tests	hint:integration
crates/piperine-codegen/tests/codegen_api.rs	ir_digital_compile_dff	keep	tests	hint:integration
crates/piperine-codegen/tests/codegen_api.rs	ppr_ir_produces_module_index	keep	tests	hint:integration
crates/piperine-codegen/tests/codegen_api.rs	test_purely_resistive_device_capabilities	keep	tests	hint:integration
crates/piperine-codegen/tests/codegen_api.rs	test_reactive_device_capabilities	keep	tests	hint:integration
crates/piperine-codegen/tests/codegen_ir.rs	test_compile_resistor	keep	tests	hint:integration
crates/piperine-codegen/tests/codegen_ir.rs	test_diode_jacobian_forward_bias	keep	tests	hint:integration
crates/piperine-codegen/tests/codegen_ir.rs	test_diode_residual_forward_bias	keep	tests	hint:integration
crates/piperine-codegen/tests/codegen_ir.rs	test_jit_compiles	keep	tests	hint:integration
crates/piperine-codegen/tests/codegen_ir.rs	test_jit_two_resistors	keep	tests	hint:integration
crates/piperine-codegen/tests/codegen_ir.rs	test_resistor_jacobian_conductance	keep	tests	hint:integration
crates/piperine-codegen/tests/codegen_ir.rs	test_resistor_residual_ohms_law	keep	tests	hint:integration
crates/piperine-codegen/tests/codegen_ir.rs	test_vccs_jacobian_transconductance	keep	tests	hint:integration
crates/piperine-codegen/tests/codegen_ir.rs	test_vccs_residual	keep	tests	hint:integration
crates/piperine-codegen/tests/digital_codegen_gaps.rs	digital_enum_pattern_match_selects_the_right_arm	keep	tests	hint:integration
crates/piperine-codegen/tests/digital_codegen_gaps.rs	digital_fn_call_inlines_and_computes_nand	keep	tests	hint:integration
crates/piperine-codegen/tests/digital_codegen_gaps.rs	digital_quad_real_coercion_both_directions	keep	tests	hint:integration
crates/piperine-codegen/tests/digital_codegen_gaps.rs	digital_real_to_quad_coercion_does_not_truncate_fractional_nonzero	keep	tests	hint:integration
crates/piperine-codegen/tests/digital_fusion.rs	fusion_active_on_ripple_adder_cone	keep	tests	hint:integration
crates/piperine-codegen/tests/digital_fusion.rs	fusion_bit_identical_clocked_cone	keep	tests	hint:integration
crates/piperine-codegen/tests/digital_fusion.rs	fusion_bit_identical_nba_pipeline	keep	tests	hint:integration
crates/piperine-codegen/tests/digital_fusion.rs	fusion_bit_identical_static_adder	keep	tests	hint:integration
crates/piperine-codegen/tests/digital_jit.rs	dff_captures_on_rising_edge_only	keep	tests	hint:integration
crates/piperine-codegen/tests/digital_jit.rs	inverter_computes_quad_not	keep	tests	hint:integration
crates/piperine-codegen/tests/digital_jit.rs	match_selects_arm_and_default	keep	tests	hint:integration
crates/piperine-codegen/tests/digital_jit.rs	pipeline_reads_pre_edge_values	keep	tests	hint:integration
crates/piperine-codegen/tests/disto_capabilities.rs	jit_device_never_declares_numeric_jacobian	keep	tests	hint:integration
crates/piperine-codegen/tests/disto_capabilities.rs	nonlinear_device_declares_disto2_and_disto3_resistor_neither	keep	tests	hint:integration
crates/piperine-codegen/tests/disto_capabilities.rs	quadratic_device_declares_disto2_only	keep	tests	hint:integration
crates/piperine-codegen/tests/disto_jit.rs	disto2_branch_current_read_fails_loud_naming_device	keep	tests	hint:integration
crates/piperine-codegen/tests/disto_jit.rs	disto2_cross_derivative_matches_symbolic_reference	keep	tests	hint:integration
crates/piperine-codegen/tests/disto_jit.rs	disto2_nested_temp_chain_reads_the_correct_branch_tapes	keep	tests	hint:integration
crates/piperine-codegen/tests/disto_jit.rs	disto2_nonlinear_charge_second_derivative	keep	tests	hint:integration
crates/piperine-codegen/tests/disto_jit.rs	disto2_polynomial_vccs_matches_symbolic_second_derivative	keep	tests	hint:integration
crates/piperine-codegen/tests/disto_jit.rs	disto3_cross_third_derivative_matches_symbolic_reference	keep	tests	hint:integration
crates/piperine-codegen/tests/disto_jit.rs	disto3_cubic_charge_third_derivative	keep	tests	hint:integration
crates/piperine-codegen/tests/disto_jit.rs	disto3_cubic_vccs_matches_symbolic_third_derivative	keep	tests	hint:integration
crates/piperine-codegen/tests/flatten_hierarchy.rs	flattened_ladder_simulates_correctly	keep	tests	hint:integration
crates/piperine-codegen/tests/flatten_hierarchy.rs	mid_level_module_builds_through_codegen	keep	tests	hint:integration
crates/piperine-codegen/tests/flatten_hierarchy.rs	override_on_spliced_label_restamps_flat_instance	keep	tests	hint:integration
crates/piperine-codegen/tests/flatten_hierarchy.rs	override_on_unknown_spliced_label_fails_loud	keep	tests	hint:integration
crates/piperine-codegen/tests/flatten_hierarchy.rs	two_mid_level_instances_produce_distinct_spliced_labels	keep	tests	hint:integration
crates/piperine-codegen/tests/from_ir.rs	from_ir_ppr_resistor_yields_circuit	keep	tests	hint:integration
crates/piperine-codegen/tests/from_ir.rs	from_ir_resistor_va_yields_circuit	keep	tests	hint:integration
crates/piperine-codegen/tests/from_ir.rs	from_ir_unknown_top_returns_err	keep	tests	hint:integration
crates/piperine-codegen/tests/from_ir.rs	jit_device_exposes_params_through_introspection	keep	tests	hint:integration
crates/piperine-codegen/tests/limiters.rs	fetlim_matches_ngspice_reference	keep	tests	hint:integration
crates/piperine-codegen/tests/limiters.rs	limit_catalog_pnjlim_infers_voltage_step	keep	tests	hint:integration
crates/piperine-codegen/tests/limiters.rs	limit_catalog_records_kind_per_slot	keep	tests	hint:integration
crates/piperine-codegen/tests/limiters.rs	limiting_report_names_the_actual_limiter_not_hardcoded_pnjlim	keep	tests	hint:integration
crates/piperine-codegen/tests/limiters.rs	limvds_matches_ngspice_reference	keep	tests	hint:integration
crates/piperine-codegen/tests/live_params.rs	jit_device_set_errors_are_loud_with_flattened_param_names	keep	tests	hint:integration
crates/piperine-codegen/tests/live_params.rs	mid_transient_c_jump_stays_accurate_and_storm_free	keep	tests	hint:integration
crates/piperine-codegen/tests/live_params.rs	mid_transient_l_jump_stays_accurate_and_storm_free	keep	tests	hint:integration
crates/piperine-codegen/tests/live_params.rs	mid_transient_r_set_switches_the_rc_time_constant_at_the_breakpoint	keep	tests	hint:integration
crates/piperine-codegen/tests/live_params.rs	presence_flipping_set_returns_typed_rebuild_without_applying	keep	tests	hint:integration
crates/piperine-codegen/tests/live_params.rs	solver_set_matches_pom_path_for_flat_and_bundle_params	keep	tests	hint:integration
crates/piperine-codegen/tests/live_set_never_recompiles.rs	live_sets_never_recompile_across_restamp_and_temperature_cycles	keep	tests	hint:integration
crates/piperine-codegen/tests/model_descriptor.rs	at_model_on_param_fails_loud_at_build	keep	tests	hint:integration
crates/piperine-codegen/tests/model_descriptor.rs	force_terminal_pairs_catalog_surfaces_branch_names	keep	tests	hint:integration
crates/piperine-codegen/tests/model_descriptor.rs	model_descriptor_carries_kernel_module_name	keep	tests	hint:integration
crates/piperine-codegen/tests/model_descriptor.rs	model_descriptor_default_is_empty	keep	tests	hint:integration
crates/piperine-codegen/tests/model_descriptor.rs	model_descriptor_reads_at_model_attribute	keep	tests	hint:integration
crates/piperine-codegen/tests/model_descriptor.rs	noise_terminal_pairs_catalog_surfaces_branch_names	keep	tests	hint:integration
crates/piperine-codegen/tests/model_descriptor.rs	state_slot_names_catalog_is_non_empty_for_reactive_device	keep	tests	hint:integration
crates/piperine-codegen/tests/model_descriptor.rs	state_slot_names_includes_vold_for_limiter	keep	tests	hint:integration
crates/piperine-codegen/tests/model_descriptor.rs	unified_report_surface_is_non_empty_for_real_device	keep	tests	hint:integration
crates/piperine-codegen/tests/observable_catalog.rs	at_name_feeds_both_query_and_observable_catalogs	keep	tests	hint:integration
crates/piperine-codegen/tests/observable_catalog.rs	device_with_force_current_declares_branch_current_observable	keep	tests	hint:integration
crates/piperine-codegen/tests/observable_catalog.rs	device_with_vars_declares_var_observables	keep	tests	hint:integration
crates/piperine-codegen/tests/observable_catalog.rs	digital_only_device_declares_no_observables	keep	tests	hint:integration
crates/piperine-codegen/tests/observable_catalog.rs	observable_costs_are_in_unit_range	keep	tests	hint:integration
crates/piperine-codegen/tests/observable_catalog.rs	observable_named_and_kinded_by_at_name_and_at_kind	keep	tests	hint:integration
crates/piperine-codegen/tests/observable_catalog.rs	reactive_device_declares_state_observable	keep	tests	hint:integration
crates/piperine-codegen/tests/opvar_bridge.rs	device_without_module_vars_compiles_empty_opvar_path	keep	tests	hint:integration
crates/piperine-codegen/tests/opvar_bridge.rs	list_queries_returns_typed_opvar_catalog	keep	tests	hint:integration
crates/piperine-codegen/tests/opvar_bridge.rs	query_descriptor_absent_attrs_keeps_default	keep	tests	hint:integration
crates/piperine-codegen/tests/opvar_bridge.rs	query_descriptor_carries_at_unit_and_description	keep	tests	hint:integration
crates/piperine-codegen/tests/opvar_bridge.rs	query_reads_opvar_by_name	keep	tests	hint:integration
crates/piperine-codegen/tests/opvar_bridge.rs	read_opvars_returns_compiled_module_vars	keep	tests	hint:integration
crates/piperine-codegen/tests/opvar_bridge.rs	read_opvars_returns_every_module_var	keep	tests	hint:integration
crates/piperine-codegen/tests/opvar_bridge.rs	read_opvars_uses_at_name_label	keep	tests	hint:integration
crates/piperine-codegen/tests/resolve_lowering.rs	a_cross_event_keeps_its_guard	keep	tests	hint:integration
crates/piperine-codegen/tests/resolve_lowering.rs	a_digital_body_is_lowered	keep	tests	hint:integration
crates/piperine-codegen/tests/resolve_lowering.rs	a_global_function_is_registered_in_the_symbol_table	keep	tests	hint:integration
crates/piperine-codegen/tests/resolve_lowering.rs	a_potential_force_lowers_to_a_force_bind	keep	tests	hint:integration
crates/piperine-codegen/tests/resolve_lowering.rs	a_resistive_contribution_lowers_to_a_contrib_bind	keep	tests	hint:integration
crates/piperine-codegen/tests/resolve_lowering.rs	a_string_param_keeps_its_default	keep	tests	hint:integration
crates/piperine-codegen/tests/resolve_lowering.rs	an_above_event_lowers_as_an_event	keep	tests	hint:integration
crates/piperine-codegen/tests/resolve_lowering.rs	an_unknown_name_in_a_contribution_is_refused_before_any_code_is_emitted	keep	tests	hint:integration
crates/piperine-codegen/tests/resolve_lowering.rs	an_unknown_net_in_an_instance_connection_fails_lowering	keep	tests	hint:integration
crates/piperine-codegen/tests/resolve_lowering.rs	ddt_registers_one_ddt_state_slot	keep	tests	hint:integration
crates/piperine-codegen/tests/resolve_lowering.rs	flicker_noise_registers_a_flicker_source	keep	tests	hint:integration
crates/piperine-codegen/tests/resolve_lowering.rs	idtmod_registers_its_state_slot	keep	tests	hint:integration
crates/piperine-codegen/tests/resolve_lowering.rs	transition_registers_its_state_slot	keep	tests	hint:integration
crates/piperine-codegen/tests/resolve_lowering.rs	white_noise_registers_a_source_on_its_branch	keep	tests	hint:integration
crates/piperine-codegen/tests/silent_bugs.rs	a5_neg_in_digital_still_works	keep	tests	hint:integration
crates/piperine-codegen/tests/silent_bugs.rs	a6_from_ir_propagates_child_compile_error_not_silent_skip	keep	tests	hint:integration
crates/piperine-codegen/tests/silent_bugs.rs	a7_capacitor_compiles_through_ir_path	keep	tests	hint:integration
crates/piperine-codegen/tests/silent_bugs.rs	d1_op_amp_with_force_compiles	keep	tests	hint:integration
crates/piperine-codegen/tests/silent_bugs.rs	d1_voltage_force_compiles_with_force_residual	keep	tests	hint:integration
crates/piperine-codegen/tests/silent_bugs.rs	d2_idt_in_contribution_lowers_to_integrator	keep	tests	hint:integration
crates/piperine-codegen/tests/silent_bugs.rs	d5_spec_diode_with_user_fn_compiles	keep	tests	hint:integration
crates/piperine-codegen/tests/silent_bugs.rs	d5_user_fn_call_to_nonbuiltin_is_inlined_not_silently_zero	keep	tests	hint:integration
crates/piperine-codegen/tests/silent_bugs.rs	d5_user_fn_inlined_at_call_site_in_contribution	keep	tests	hint:integration
crates/piperine-codegen/tests/silent_bugs.rs	d5_user_fn_missing_still_errors	keep	tests	hint:integration
crates/piperine-codegen/tests/table_op.rs	arity_and_mode_fail_loud	keep	tests	hint:integration
crates/piperine-codegen/tests/table_op.rs	length_mismatch_fails_loud	keep	tests	hint:integration
crates/piperine-codegen/tests/table_op.rs	non_monotonic_breakpoints_fail_loud	keep	tests	hint:integration
crates/piperine-codegen/tests/temperature_dtemp.rs	analog_instance_caches_effective_temperature	keep	tests	hint:integration
crates/piperine-codegen/tests/temperature_dtemp.rs	dtemp_instance_composes_into_effective_temperature	keep	tests	hint:integration
crates/piperine-codegen/tests/temperature_dtemp.rs	no_dtemp_param_caches_received_temperature	keep	tests	hint:integration
crates/piperine-codegen/tests/temperature_dtemp.rs	set_temperature_returns_temperature_invalidation	keep	tests	hint:integration
crates/piperine-codegen/tests/terminal_bridge.rs	analog_kernel_terminals_bridge_names_and_kinds	keep	tests	hint:integration
crates/piperine-codegen/tests/terminal_bridge.rs	at_kind_external_on_wire_wins_over_inferred	keep	tests	hint:integration
crates/piperine-codegen/tests/terminal_bridge.rs	bjt_lists_external_ports_and_internal_parasitic_wires	keep	tests	hint:integration
crates/piperine-codegen/tests/terminal_bridge.rs	digital_kernel_directions_are_in_for_inputs_out_for_outputs	keep	tests	hint:integration
crates/piperine-codegen/tests/terminal_bridge.rs	digital_kernel_terminals_bridge_inputs_and_outputs	keep	tests	hint:integration
crates/piperine-codegen/tests/terminal_bridge.rs	internal_wire_at_kind_internal_named_cp	keep	tests	hint:integration
crates/piperine-codegen/tests/terminal_bridge.rs	mixed_signal_device_lists_analog_and_digital_terminals	keep	tests	hint:integration
crates/piperine-codegen/tests/terminal_bridge.rs	port_at_kind_auxiliary_classifies_terminal	keep	tests	hint:integration
crates/piperine-codegen/tests/terminal_bridge.rs	two_port_resistor_lists_only_external_terminals	keep	tests	hint:integration
crates/piperine-lang-server/src/text_pos.rs	ascii_round_trip	keep	inline	hint:unit
crates/piperine-lang-server/src/text_pos.rs	byte_range_builds_lsp_range	keep	inline	hint:unit
crates/piperine-lang-server/src/text_pos.rs	column_past_end_of_line_clamps	keep	inline	hint:unit
crates/piperine-lang-server/src/text_pos.rs	line_past_eof_clamps	keep	inline	hint:unit
crates/piperine-lang-server/src/text_pos.rs	non_ascii_columns_are_utf16	keep	inline	hint:unit
crates/piperine-lang-server/src/text_pos.rs	word_at_handles_cursor_positions	keep	inline	hint:unit
crates/piperine-lang-server/tests/completion_suppression.rs	completion_mid_behavior_body_still_offers_for	keep	tests	hint:integration
crates/piperine-lang-server/tests/completion_suppression.rs	completion_right_after_module_close_brace_never_offers_for_and_offers_mod	keep	tests	hint:integration
crates/piperine-lang-server/tests/completion_suppression.rs	completion_right_after_module_close_brace_suppresses_all_behavior_only_keywords_but_keeps_if_and_var	keep	tests	hint:integration
crates/piperine-lang-server/tests/import_goto.rs	goto_on_use_path_and_imported_module	keep	tests	hint:integration
crates/piperine-lang-server/tests/instance_highlight.rs	clicking_instance_type_name_resolves_to_the_module	keep	tests	hint:integration
crates/piperine-lang-server/tests/instance_highlight.rs	clicking_unlabeled_instance_type_name_resolves_to_the_module	keep	tests	hint:integration
crates/piperine-lang-server/tests/instance_highlight.rs	highlighting_labeled_instance_label_targets_only_the_label_token	keep	tests	hint:integration
crates/piperine-lang-server/tests/instance_highlight.rs	resolved_decl_span_has_a_matching_binding_in_the_resolution_index	keep	tests	hint:integration
crates/piperine-lang-server/tests/integration_test.rs	attr_arg_bad_type_diagnostic_points_at_the_specific_argument	keep	tests	hint:integration
crates/piperine-lang-server/tests/integration_test.rs	attr_arg_unknown_field_diagnostic_points_at_the_specific_argument	keep	tests	hint:integration
crates/piperine-lang-server/tests/integration_test.rs	attr_missing_required_field_diagnostic_points_at_the_attribute	keep	tests	hint:integration
crates/piperine-lang-server/tests/integration_test.rs	attribute_instance_appears_as_outline_entry_on_its_declaration	keep	tests	hint:integration
crates/piperine-lang-server/tests/integration_test.rs	completion_off_attr_position_does_not_offer_schema_names	keep	tests	hint:integration
crates/piperine-lang-server/tests/integration_test.rs	cross_file_diagnostics_fan_out_to_the_erroring_file	keep	tests	hint:integration
crates/piperine-lang-server/tests/integration_test.rs	cross_file_goto_opens_the_declaring_file	keep	tests	hint:integration
crates/piperine-lang-server/tests/integration_test.rs	cross_file_rename_edits_every_referencing_file	keep	tests	hint:integration
crates/piperine-lang-server/tests/integration_test.rs	diagnostic_carries_the_structured_elab_error_code	keep	tests	hint:integration
crates/piperine-lang-server/tests/integration_test.rs	diagnostic_carries_the_structured_parse_error_code	keep	tests	hint:integration
crates/piperine-lang-server/tests/integration_test.rs	document_highlight_excludes_other_scope_and_comment_matches	keep	tests	hint:integration
crates/piperine-lang-server/tests/integration_test.rs	extern_attribute_use_site_resolves_to_its_decl_span	keep	tests	hint:integration
crates/piperine-lang-server/tests/integration_test.rs	extern_fn_use_site_resolves_to_its_decl_span	keep	tests	hint:integration
crates/piperine-lang-server/tests/integration_test.rs	extern_impl_method_use_site_resolves_to_its_own_decl_span	keep	tests	hint:integration
crates/piperine-lang-server/tests/integration_test.rs	extern_operator_use_site_resolves_to_its_decl_span	keep	tests	hint:integration
crates/piperine-lang-server/tests/integration_test.rs	extern_type_use_site_resolves_to_its_decl_span	keep	tests	hint:integration
crates/piperine-lang-server/tests/integration_test.rs	goto_definition_on_attr_schema_use_opens_its_extern_attribute_decl	keep	tests	hint:integration
crates/piperine-lang-server/tests/integration_test.rs	goto_definition_on_ddt_lands_on_operators_header	keep	tests	hint:integration
crates/piperine-lang-server/tests/integration_test.rs	goto_definition_on_same_file_extern_decl_still_works	keep	tests	hint:integration
crates/piperine-lang-server/tests/integration_test.rs	goto_definition_on_shadowed_name_lands_on_the_correct_declaration	keep	tests	hint:integration
crates/piperine-lang-server/tests/integration_test.rs	hover_on_attr_schema_use_lists_its_fields	keep	tests	hint:integration
crates/piperine-lang-server/tests/integration_test.rs	hover_on_documented_discipline_renders_doc_as_markdown	keep	tests	hint:integration
crates/piperine-lang-server/tests/integration_test.rs	hover_on_documented_extern_operator_renders_doc_as_markdown	keep	tests	hint:integration
crates/piperine-lang-server/tests/integration_test.rs	hover_on_documented_module_renders_doc_as_markdown	keep	tests	hint:integration
crates/piperine-lang-server/tests/integration_test.rs	hover_on_module_with_same_named_behavior_resolves_the_module_not_the_behavior	keep	tests	hint:integration
crates/piperine-lang-server/tests/integration_test.rs	hover_on_undocumented_extern_operator_is_unchanged	keep	tests	hint:integration
crates/piperine-lang-server/tests/integration_test.rs	hover_on_undocumented_module_is_unchanged	keep	tests	hint:integration
crates/piperine-lang-server/tests/integration_test.rs	non_identifier_position_returns_no_location	keep	tests	hint:integration
crates/piperine-lang-server/tests/integration_test.rs	occurrences_at_excludes_other_scope_and_comment_matches	keep	tests	hint:integration
crates/piperine-lang-server/tests/integration_test.rs	occurrences_at_on_non_symbol_is_empty	keep	tests	hint:integration
crates/piperine-lang-server/tests/integration_test.rs	occurrences_at_returns_exactly_the_indexed_uses	keep	tests	hint:integration
crates/piperine-lang-server/tests/integration_test.rs	outline_entry_without_attribute_has_no_attribute_children	keep	tests	hint:integration
crates/piperine-lang-server/tests/integration_test.rs	prepare_rename_declines_on_literal	keep	tests	hint:integration
crates/piperine-lang-server/tests/integration_test.rs	project_unit_builds_one_index_spanning_all_project_files	keep	tests	hint:integration
crates/piperine-lang-server/tests/integration_test.rs	references_excludes_comment_and_other_scope_matches	keep	tests	hint:integration
crates/piperine-lang-server/tests/integration_test.rs	rename_edits_only_the_binding_uses_other_scope_untouched	keep	tests	hint:integration
crates/piperine-lang-server/tests/integration_test.rs	resolve_at_shadowed_name_resolves_to_innermost_not_first_declared	keep	tests	hint:integration
crates/piperine-lang-server/tests/integration_test.rs	resolve_at_uses_cursor_context_not_global_first_match	keep	tests	hint:integration
crates/piperine-lang-server/tests/integration_test.rs	schema_completion_after_at_sign_offers_in_scope_schema_names	keep	tests	hint:integration
crates/piperine-lang-server/tests/integration_test.rs	schema_completion_filters_by_typed_prefix	keep	tests	hint:integration
crates/piperine-lang-server/tests/integration_test.rs	standalone_document_diagnostics_still_publish	keep	tests	hint:integration
crates/piperine-lang-server/tests/integration_test.rs	standalone_document_has_no_project_unit	keep	tests	hint:integration
crates/piperine-lang-server/tests/integration_test.rs	test_e2e_lsp_server_memory_connection	keep	tests	hint:integration
crates/piperine-lang-server/tests/integration_test.rs	test_extract_error_range_lexer_error	keep	tests	hint:integration
crates/piperine-lang-server/tests/integration_test.rs	test_extract_error_range_unknown_position	keep	tests	hint:integration
crates/piperine-lang-server/tests/integration_test.rs	test_server_capabilities_declared	keep	tests	hint:integration
crates/piperine-lang-server/tests/integration_test.rs	undeclared_name_use_site_still_returns_no_location	keep	tests	hint:integration
crates/piperine-lang-server/tests/protocol.rs	harness_drives_completion_round_trip	keep	tests	hint:integration
crates/piperine-lang-server/tests/protocol.rs	harness_drives_goto_definition_round_trip	keep	tests	hint:integration
crates/piperine-lang-server/tests/protocol.rs	harness_drives_hover_round_trip	keep	tests	hint:integration
crates/piperine-lang-server/tests/protocol.rs	harness_drives_references_round_trip	keep	tests	hint:integration
crates/piperine-lang-server/tests/protocol.rs	harness_drives_rename_round_trip	keep	tests	hint:integration
crates/piperine-lang-server/tests/protocol.rs	protocol_cross_file_fixture_goto_and_rename_both_work	keep	tests	hint:integration
crates/piperine-lang-server/tests/protocol.rs	protocol_doc_comment_fixture_renders_on_hover	keep	tests	hint:integration
crates/piperine-lang-server/tests/protocol.rs	protocol_shadowing_fixture_resolves_to_the_innermost_binding	keep	tests	hint:integration
crates/piperine-lang/src/elab/lower/flatten.rs	flatten_detects_self_cycle	keep	inline	hint:unit
crates/piperine-lang/src/elab/lower/flatten.rs	flatten_detects_transitive_cycle	keep	inline	hint:unit
crates/piperine-lang/src/elab/lower/flatten.rs	flatten_is_idempotent	keep	inline	hint:unit
crates/piperine-lang/src/elab/lower/flatten.rs	flatten_leaf_module_equals_authored	keep	inline	hint:unit
crates/piperine-lang/src/elab/lower/flatten.rs	flatten_parent_of_leaves_keeps_all_instances	keep	inline	hint:unit
crates/piperine-lang/src/elab/lower/flatten.rs	flatten_writes_only_flat_modules	keep	inline	hint:unit
crates/piperine-lang/src/elab/lower/flatten.rs	inline_binds_ports_and_lifts_wires	keep	inline	hint:unit
crates/piperine-lang/src/elab/lower/flatten.rs	inline_dangling_net_fails_loud	keep	inline	hint:unit
crates/piperine-lang/src/elab/lower/flatten.rs	inline_ground_nets_pass_through_remap_unchanged	keep	inline	hint:unit
crates/piperine-lang/src/elab/lower/flatten.rs	inline_indexed_netref_fails_as_gap3_deferred	keep	inline	hint:unit
crates/piperine-lang/src/elab/lower/flatten.rs	inline_nesting_composes_through_three_levels	keep	inline	hint:unit
crates/piperine-lang/src/elab/lower/flatten.rs	inline_splices_child_connections_through_remap	keep	inline	hint:unit
crates/piperine-lang/src/elab/lower/flatten.rs	inline_two_siblings_produce_distinct_labels_and_wires	keep	inline	hint:unit
crates/piperine-lang/src/elab/lower/flatten.rs	inline_yields_only_leaf_instances_in_flat_form	keep	inline	hint:unit
crates/piperine-lang/src/elab/typecheck.rs	discipline_crossing_is_rejected	keep	inline	hint:unit
crates/piperine-lang/src/elab/typecheck.rs	multiple_drivers_on_digital_net_is_rejected	keep	inline	hint:unit
crates/piperine-lang/src/elab/typecheck.rs	same_discipline_connection_passes	keep	inline	hint:unit
crates/piperine-lang/src/elab/typecheck.rs	width_mismatch_on_named_connection_is_caught	keep	inline	hint:unit
crates/piperine-lang/src/elab/typecheck.rs	wire_width_mismatch_via_array_dim_is_caught	keep	inline	hint:unit
crates/piperine-lang/src/parse/mod.rs	test_port_prediction	keep	inline	hint:integration
crates/piperine-lang/src/parse/mod.rs	test_predict_at_cursor_mod_body	keep	inline	hint:integration
crates/piperine-lang/src/pom/design.rs	flat_module_falls_back_to_authored_when_absent	keep	inline	hint:integration
crates/piperine-lang/src/pom/design.rs	flat_module_prefers_flat_form_when_present	keep	inline	hint:integration
crates/piperine-lang/src/pom/design.rs	flat_module_resolves_flat_only_name	keep	inline	hint:integration
crates/piperine-lang/src/pom/design.rs	flat_module_returns_none_when_unknown	keep	inline	hint:integration
crates/piperine-lang/src/pom/error.rs	reflect_error_display	keep	inline	hint:unit
crates/piperine-lang/src/pom/node.rs	id_is_distinct	keep	inline	hint:unit
crates/piperine-lang/src/pom/node.rs	id_is_stable	keep	inline	hint:unit
crates/piperine-lang/src/pom/selection.rs	selection_empty	keep	inline	hint:unit
crates/piperine-lang/src/pom/selection.rs	selection_filter	keep	inline	hint:unit
crates/piperine-lang/src/pom/selection.rs	selection_from_vec	keep	inline	hint:unit
crates/piperine-lang/src/pom/selection.rs	selection_get_bounds_checked	keep	inline	hint:unit
crates/piperine-lang/src/pom/selection.rs	selection_iter	keep	inline	hint:unit
crates/piperine-lang/src/pom/selection.rs	selection_map	keep	inline	hint:unit
crates/piperine-lang/src/pom/selection.rs	selection_one_exactly_one	keep	inline	hint:unit
crates/piperine-lang/src/pom/selection.rs	selection_one_many_errors	keep	inline	hint:unit
crates/piperine-lang/src/pom/selection.rs	selection_one_zero_errors	keep	inline	hint:unit
crates/piperine-lang/src/pom/selector/eval.rs	test_eval_attr_predicates	keep	inline	hint:unit
crates/piperine-lang/src/pom/selector/eval.rs	test_eval_simple	keep	inline	hint:unit
crates/piperine-lang/src/pom/selector/parse.rs	test_parse_attr_existence	keep	inline	hint:unit
crates/piperine-lang/src/pom/selector/parse.rs	test_parse_attr_predicate	keep	inline	hint:unit
crates/piperine-lang/src/pom/selector/parse.rs	test_parse_axis_explicit	keep	inline	hint:unit
crates/piperine-lang/src/pom/selector/parse.rs	test_parse_descendant	keep	inline	hint:unit
crates/piperine-lang/src/pom/selector/parse.rs	test_parse_simple_absolute	keep	inline	hint:unit
crates/piperine-lang/src/pom/staging.rs	override_map_clear	keep	inline	hint:unit
crates/piperine-lang/src/pom/staging.rs	override_map_distinct_paths	keep	inline	hint:unit
crates/piperine-lang/src/pom/staging.rs	override_map_empty	keep	inline	hint:unit
crates/piperine-lang/src/pom/staging.rs	override_map_miss	keep	inline	hint:unit
crates/piperine-lang/src/pom/staging.rs	override_map_overwrite	keep	inline	hint:unit
crates/piperine-lang/src/pom/staging.rs	override_map_set_and_get	keep	inline	hint:unit
crates/piperine-lang/src/value.rs	result_equality	keep	inline	hint:unit
crates/piperine-lang/src/value.rs	result_err_methods	keep	inline	hint:unit
crates/piperine-lang/src/value.rs	result_ok_methods	keep	inline	hint:unit
crates/piperine-lang/src/value.rs	set_construction_and_methods	keep	inline	hint:unit
crates/piperine-lang/src/value.rs	set_equality	keep	inline	hint:unit
crates/piperine-lang/src/value.rs	value_boolean_construction_and_access	keep	inline	hint:unit
crates/piperine-lang/src/value.rs	value_integer_construction_and_access	keep	inline	hint:unit
crates/piperine-lang/src/value.rs	value_natural_construction_and_access	keep	inline	hint:unit
crates/piperine-lang/src/value.rs	value_real_construction_and_access	keep	inline	hint:unit
crates/piperine-lang/src/value.rs	value_string_construction_and_access	keep	inline	hint:unit
crates/piperine-lang/src/value.rs	value_type_name	keep	inline	hint:unit
crates/piperine-lang/tests/bench_removed.rs	bench_block_is_a_syntax_error	keep	tests	hint:integration
crates/piperine-lang/tests/bench_removed.rs	designs_elaborate_unchanged_without_benches	keep	tests	hint:integration
crates/piperine-lang/tests/bundle_connections.rs	bundle_connections_fan_out	keep	tests	hint:integration
crates/piperine-lang/tests/bundle_param.rs	bundle_field_access_lowers_to_flattened_param	keep	tests	hint:integration
crates/piperine-lang/tests/bundle_param.rs	bundle_param_default_flattens_to_scalar_params	keep	tests	hint:integration
crates/piperine-lang/tests/bundle_param.rs	bundle_param_field_without_default_fails_loud	keep	tests	hint:integration
crates/piperine-lang/tests/bundle_param.rs	bundle_param_partial_literal_overrides_one_field	keep	tests	hint:integration
crates/piperine-lang/tests/bundle_param.rs	bundle_param_unknown_field_in_literal_fails_loud	keep	tests	hint:integration
crates/piperine-lang/tests/bundle_param.rs	instance_bundle_override_flattens_to_param_pairs	keep	tests	hint:integration
crates/piperine-lang/tests/callable_registry.rs	duplicate_name_with_different_signature_forms_an_overload_set	keep	tests	hint:unit
crates/piperine-lang/tests/callable_registry.rs	single_registration_resolves_via_lookup_exactly_as_before_overloading	keep	tests	hint:unit
crates/piperine-lang/tests/callable_registry.rs	validate_call_accepts_exact_structural_param_type_match	keep	tests	hint:unit
crates/piperine-lang/tests/callable_registry.rs	validate_call_rejects_arity_mismatch	keep	tests	hint:unit
crates/piperine-lang/tests/callable_registry.rs	validate_call_rejects_mismatched_param_types_no_implicit_widening	keep	tests	hint:unit
crates/piperine-lang/tests/cast_impl_methods.rs	bare_cast_call_has_no_special_case_meaning_but_is_not_yet_rejected	keep	tests	hint:integration
crates/piperine-lang/tests/cast_impl_methods.rs	boolean_from_integer_resolves	keep	tests	hint:integration
crates/piperine-lang/tests/cast_impl_methods.rs	integer_from_real_resolves	keep	tests	hint:integration
crates/piperine-lang/tests/cast_impl_methods.rs	quad_from_integer_resolves	keep	tests	hint:integration
crates/piperine-lang/tests/cast_impl_methods.rs	real_from_boolean_resolves	keep	tests	hint:integration
crates/piperine-lang/tests/cast_impl_methods.rs	real_from_integer_resolves	keep	tests	hint:integration
crates/piperine-lang/tests/cast_impl_methods.rs	real_from_natural_resolves_via_local_var	keep	tests	hint:integration
crates/piperine-lang/tests/cast_impl_methods.rs	real_from_quad_resolves	keep	tests	hint:integration
crates/piperine-lang/tests/cast_impl_methods.rs	real_from_string_matches_no_overload_fails_loud	keep	tests	hint:integration
crates/piperine-lang/tests/elab.rs	accumulating_elaboration_reports_two_independent_module_errors	keep	tests	hint:integration
crates/piperine-lang/tests/elab.rs	accumulating_elaboration_returns_no_errors_on_success	keep	tests	hint:integration
crates/piperine-lang/tests/elab.rs	accumulating_elaboration_still_stops_at_a_fail_fast_pass	keep	tests	hint:integration
crates/piperine-lang/tests/elab.rs	flatten_pass_leaves_authored_modules_untouched	keep	tests	hint:integration
crates/piperine-lang/tests/elab.rs	flatten_pass_populates_flat_modules_after_elaboration	keep	tests	hint:integration
crates/piperine-lang/tests/elab.rs	test_analog_behavior_elaborated	keep	tests	hint:integration
crates/piperine-lang/tests/elab.rs	test_array_net_type_resolved	keep	tests	hint:integration
crates/piperine-lang/tests/elab.rs	test_behavioral_for_unrolled	keep	tests	hint:integration
crates/piperine-lang/tests/elab.rs	test_bit_pattern_match_with_wildcard_passes	keep	tests	hint:integration
crates/piperine-lang/tests/elab.rs	test_bit_pattern_match_without_wildcard_fails	keep	tests	hint:integration
crates/piperine-lang/tests/elab.rs	test_bundle_expanded_to_flat_ports	keep	tests	hint:integration
crates/piperine-lang/tests/elab.rs	test_const_if_folded_in_behavior	keep	tests	hint:integration
crates/piperine-lang/tests/elab.rs	test_contrib_in_digital_rejected	keep	tests	hint:integration
crates/piperine-lang/tests/elab.rs	test_ddt_doc_comes_from_the_real_header_content	keep	tests	hint:integration
crates/piperine-lang/tests/elab.rs	test_design_project_item_file_returns_real_header_path	keep	tests	hint:integration
crates/piperine-lang/tests/elab.rs	test_digital_behavior_elaborated	keep	tests	hint:integration
crates/piperine-lang/tests/elab.rs	test_discipline_net_type_resolved	keep	tests	hint:integration
crates/piperine-lang/tests/elab.rs	test_doc_run_not_immediately_before_a_decl_is_ignored_no_crash_or_misattach	keep	tests	hint:integration
crates/piperine-lang/tests/elab.rs	test_elab_sr_latch_example	keep	tests	hint:integration
crates/piperine-lang/tests/elab.rs	test_elaborate_with_index_design_matches_plain_elaborate	keep	tests	hint:integration
crates/piperine-lang/tests/elab.rs	test_exhaustive_enum_match_passes	keep	tests	hint:integration
crates/piperine-lang/tests/elab.rs	test_exhaustive_enum_match_with_wildcard_passes	keep	tests	hint:integration
crates/piperine-lang/tests/elab.rs	test_function_body_lowered	keep	tests	hint:integration
crates/piperine-lang/tests/elab.rs	test_function_param_types_resolved	keep	tests	hint:integration
crates/piperine-lang/tests/elab.rs	test_generic_module_monomorphized_on_demand	keep	tests	hint:integration
crates/piperine-lang/tests/elab.rs	test_global_const_evaluated	keep	tests	hint:integration
crates/piperine-lang/tests/elab.rs	test_impl_methods_elaborated	keep	tests	hint:integration
crates/piperine-lang/tests/elab.rs	test_labeled_instance_label_and_type_spans_are_token_tight	keep	tests	hint:integration
crates/piperine-lang/tests/elab.rs	test_module_doc_attaches_from_triple_slash_run	keep	tests	hint:integration
crates/piperine-lang/tests/elab.rs	test_module_without_doc_comment_is_none_no_regression	keep	tests	hint:integration
crates/piperine-lang/tests/elab.rs	test_net_connection_resolved_to_net_ref	keep	tests	hint:integration
crates/piperine-lang/tests/elab.rs	test_non_exhaustive_enum_match_fails	keep	tests	hint:integration
crates/piperine-lang/tests/elab.rs	test_non_exhaustive_enum_match_multiple_missing	keep	tests	hint:integration
crates/piperine-lang/tests/elab.rs	test_non_instantiated_generic_not_in_modules	keep	tests	hint:integration
crates/piperine-lang/tests/elab.rs	test_param_wire_var_instance_and_behavior_docs_attach	keep	tests	hint:integration
crates/piperine-lang/tests/elab.rs	test_parse_and_elaborate_api	keep	tests	hint:integration
crates/piperine-lang/tests/elab.rs	test_prelude_items_map_to_real_header_paths	keep	tests	hint:integration
crates/piperine-lang/tests/elab.rs	test_primitive_value_types_resolved	keep	tests	hint:integration
crates/piperine-lang/tests/elab.rs	test_private_item_accessible_within_same_file	keep	tests	hint:integration
crates/piperine-lang/tests/elab.rs	test_private_item_not_accessible_from_other_package	keep	tests	hint:integration
crates/piperine-lang/tests/elab.rs	test_pub_item_accessible_from_other_package	keep	tests	hint:integration
crates/piperine-lang/tests/elab.rs	test_registered_schema_attribute_passes	keep	tests	hint:integration
crates/piperine-lang/tests/elab.rs	test_resolution_index_covers_module_port_param_wire_instance_behavior	keep	tests	hint:integration
crates/piperine-lang/tests/elab.rs	test_resolution_index_decl_and_use_share_one_binding_id	keep	tests	hint:integration
crates/piperine-lang/tests/elab.rs	test_resolution_index_module_doc_carried_on_binding	keep	tests	hint:integration
crates/piperine-lang/tests/elab.rs	test_resolution_index_records_decl_span_kind_doc_and_use_span	keep	tests	hint:integration
crates/piperine-lang/tests/elab.rs	test_schema_attribute_on_module	keep	tests	hint:integration
crates/piperine-lang/tests/elab.rs	test_schema_missing_required_field_fails	keep	tests	hint:integration
crates/piperine-lang/tests/elab.rs	test_schema_unknown_field_fails	keep	tests	hint:integration
crates/piperine-lang/tests/elab.rs	test_stdlib_capabilities_always_in_scope	keep	tests	hint:integration
crates/piperine-lang/tests/elab.rs	test_stdlib_map_reduce_always_in_scope	keep	tests	hint:integration
crates/piperine-lang/tests/elab.rs	test_structural_for_port_connections_are_net_refs	keep	tests	hint:integration
crates/piperine-lang/tests/elab.rs	test_structural_for_unrolled_to_instances	keep	tests	hint:integration
crates/piperine-lang/tests/elab.rs	test_two_monomorphs_of_same_base_both_exist	keep	tests	hint:integration
crates/piperine-lang/tests/elab.rs	test_undefined_type_error	keep	tests	hint:integration
crates/piperine-lang/tests/elab.rs	test_unknown_schema_attribute_fails	keep	tests	hint:integration
crates/piperine-lang/tests/elab.rs	test_unlabeled_instance_has_no_label_span_and_tight_type_span	keep	tests	hint:integration
crates/piperine-lang/tests/elab.rs	test_use_loaded_item_maps_to_real_on_disk_path	keep	tests	hint:integration
crates/piperine-lang/tests/elab.rs	test_use_piperine_capabilities_explicit	keep	tests	hint:integration
crates/piperine-lang/tests/elab.rs	test_use_resolution_file_based	keep	tests	hint:integration
crates/piperine-lang/tests/elab.rs	test_use_transitive	keep	tests	hint:integration
crates/piperine-lang/tests/elab.rs	test_value_bundle_as_net_type_fails	keep	tests	hint:integration
crates/piperine-lang/tests/extern_coverage_guard.rs	cast_target_types_have_from_overloads_in_extern_impl_blocks	keep	tests	hint:integration
crates/piperine-lang/tests/extern_coverage_guard.rs	device_port_attribute_schemas_have_textual_extern_declarations	keep	tests	hint:integration
crates/piperine-lang/tests/extern_coverage_guard.rs	every_math_fn_has_a_matching_extern_fn_declaration	keep	tests	hint:integration
crates/piperine-lang/tests/extern_coverage_guard.rs	every_primitive_value_type_has_a_matching_extern_type_declaration	keep	tests	hint:integration
crates/piperine-lang/tests/extern_coverage_guard.rs	every_runtime_operator_has_a_matching_extern_operator_declaration	keep	tests	hint:integration
crates/piperine-lang/tests/extern_coverage_guard.rs	every_task_registry_entry_has_a_matching_extern_task_declaration	keep	tests	hint:integration
crates/piperine-lang/tests/extern_grammar.rs	extern_attribute_parses_with_field_decl_spans	keep	tests	hint:integration
crates/piperine-lang/tests/extern_grammar.rs	extern_attribute_preceded_by_doc_run_parses_with_doc_some	keep	tests	hint:integration
crates/piperine-lang/tests/extern_grammar.rs	extern_fn_parses_with_correct_decl_span	keep	tests	hint:integration
crates/piperine-lang/tests/extern_grammar.rs	extern_fn_preceded_by_doc_run_parses_with_doc_some	keep	tests	hint:integration
crates/piperine-lang/tests/extern_grammar.rs	extern_fn_with_body_is_a_parse_error_naming_the_declaration	keep	tests	hint:integration
crates/piperine-lang/tests/extern_grammar.rs	extern_impl_block_preceded_by_doc_run_parses_with_doc_some_block_level_only	keep	tests	hint:integration
crates/piperine-lang/tests/extern_grammar.rs	extern_impl_capability_for_type_parses	keep	tests	hint:integration
crates/piperine-lang/tests/extern_grammar.rs	extern_impl_method_preceded_by_doc_run_parses_with_its_own_doc	keep	tests	hint:integration
crates/piperine-lang/tests/extern_grammar.rs	extern_impl_method_with_body_is_a_parse_error_naming_the_method	keep	tests	hint:integration
crates/piperine-lang/tests/extern_grammar.rs	extern_impl_parses_block_and_each_method_with_distinct_decl_spans	keep	tests	hint:integration
crates/piperine-lang/tests/extern_grammar.rs	extern_operator_parses_with_correct_decl_span	keep	tests	hint:integration
crates/piperine-lang/tests/extern_grammar.rs	extern_operator_preceded_by_doc_run_parses_with_doc_some	keep	tests	hint:integration
crates/piperine-lang/tests/extern_grammar.rs	extern_operator_with_body_is_a_parse_error_naming_the_declaration	keep	tests	hint:integration
crates/piperine-lang/tests/extern_grammar.rs	extern_operator_without_doc_run_parses_with_doc_none	keep	tests	hint:integration
crates/piperine-lang/tests/extern_grammar.rs	extern_task_parses_with_correct_decl_span_and_dollar_prefixed_name	keep	tests	hint:integration
crates/piperine-lang/tests/extern_grammar.rs	extern_task_preceded_by_doc_run_parses_with_doc_some	keep	tests	hint:integration
crates/piperine-lang/tests/extern_grammar.rs	extern_task_with_body_is_a_parse_error_naming_the_declaration	keep	tests	hint:integration
crates/piperine-lang/tests/extern_grammar.rs	extern_type_parses_with_correct_decl_span	keep	tests	hint:integration
crates/piperine-lang/tests/extern_grammar.rs	extern_type_preceded_by_doc_run_parses_with_doc_some	keep	tests	hint:integration
crates/piperine-lang/tests/extern_grammar.rs	extern_type_with_body_is_a_parse_error_naming_the_declaration	keep	tests	hint:integration
crates/piperine-lang/tests/extern_missing_native_binding.rs	extern_fn_with_no_native_binding_fails_loud_as_extern_missing_binding	keep	tests	hint:integration
crates/piperine-lang/tests/extern_missing_native_binding.rs	undeclared_path_call_is_not_extern_missing_binding	keep	tests	hint:integration
crates/piperine-lang/tests/extern_type_registry.rs	duplicate_extern_type_same_name_is_a_duplicate_declaration_error	keep	tests	hint:integration
crates/piperine-lang/tests/extern_type_registry.rs	extern_type_alone_elaborates_without_error	keep	tests	hint:integration
crates/piperine-lang/tests/extern_type_registry.rs	extern_type_colliding_with_a_plain_type_is_a_duplicate_declaration_error	keep	tests	hint:integration
crates/piperine-lang/tests/extern_type_registry.rs	extern_type_registers_with_its_decl_span	keep	tests	hint:integration
crates/piperine-lang/tests/fail_loud_call_resolution.rs	extern_fn_call_with_matching_signature_and_native_binding_resolves	keep	tests	hint:integration
crates/piperine-lang/tests/fail_loud_call_resolution.rs	extern_fn_call_with_mismatched_signature_fails_loud	keep	tests	hint:integration
crates/piperine-lang/tests/fail_loud_call_resolution.rs	path_call_overload_resolves_by_argument_type	keep	tests	hint:integration
crates/piperine-lang/tests/fail_loud_call_resolution.rs	path_call_overload_with_no_matching_candidate_fails_loud	keep	tests	hint:integration
crates/piperine-lang/tests/fail_loud_call_resolution.rs	path_call_to_declared_extern_impl_method_resolves	keep	tests	hint:integration
crates/piperine-lang/tests/fail_loud_call_resolution.rs	path_call_to_undeclared_impl_method_fails_loud	keep	tests	hint:integration
crates/piperine-lang/tests/fail_loud_call_resolution.rs	plain_fn_call_resolves_unchanged	keep	tests	hint:integration
crates/piperine-lang/tests/fail_loud_type_attr_resolution.rs	extern_attribute_declares_and_resolves_a_real_use_site	keep	tests	hint:integration
crates/piperine-lang/tests/fail_loud_type_attr_resolution.rs	extern_attribute_use_site_with_unknown_field_fails_loud	keep	tests	hint:integration
crates/piperine-lang/tests/fail_loud_type_attr_resolution.rs	undeclared_attr_schema_fails_loud	keep	tests	hint:integration
crates/piperine-lang/tests/fail_loud_type_attr_resolution.rs	undeclared_type_reference_still_fails_loud_after_call_resolution_changes	keep	tests	hint:integration
crates/piperine-lang/tests/fmt_doc_comment.rs	blank_line_between_declarations_unaffected_by_pub_fix	keep	tests	hint:unit
crates/piperine-lang/tests/fmt_doc_comment.rs	doc_comment_above_pub_mod_stays_attached_and_pub_mod_stays_together	keep	tests	hint:unit
crates/piperine-lang/tests/fmt_doc_comment.rs	doc_comment_stays_attached_to_fn_after_formatting	keep	tests	hint:unit
crates/piperine-lang/tests/fmt_doc_comment.rs	doc_comment_stays_attached_to_mod_after_formatting	keep	tests	hint:unit
crates/piperine-lang/tests/fmt_doc_comment.rs	existing_blank_line_between_doc_and_decl_gets_collapsed	keep	tests	hint:unit
crates/piperine-lang/tests/fmt_doc_comment.rs	existing_blank_line_between_doc_and_discipline_gets_collapsed	keep	tests	hint:unit
crates/piperine-lang/tests/fmt_doc_comment.rs	multiline_doc_comment_stays_attached	keep	tests	hint:unit
crates/piperine-lang/tests/fmt_doc_comment.rs	plain_comment_still_gets_blank_line_before_mod	keep	tests	hint:unit
crates/piperine-lang/tests/fmt_doc_comment.rs	pub_mod_stays_on_one_line	keep	tests	hint:unit
crates/piperine-lang/tests/introspection_attrs.rs	model_attribute_in_prelude_elaborates_on_module	keep	tests	hint:integration
crates/piperine-lang/tests/introspection_attrs.rs	module_without_introspection_attrs_still_elaborates	keep	tests	hint:integration
crates/piperine-lang/tests/introspection_attrs.rs	single_field_attributes_in_prelude_elaborate	keep	tests	hint:integration
crates/piperine-lang/tests/introspection_attrs.rs	unknown_field_on_prelude_schema_fails_loud	keep	tests	hint:integration
crates/piperine-lang/tests/introspection_meta.rs	any_introspection_attr_on_param_fails_loud	keep	tests	hint:integration
crates/piperine-lang/tests/introspection_meta.rs	at_kind_on_terminal_accepts_terminal_kind_values	keep	tests	hint:integration
crates/piperine-lang/tests/introspection_meta.rs	at_kind_on_terminal_with_var_value_fails_loud	keep	tests	hint:integration
crates/piperine-lang/tests/introspection_meta.rs	at_kind_on_var_accepts_observable_kind_values_case_insensitive	keep	tests	hint:integration
crates/piperine-lang/tests/introspection_meta.rs	at_kind_on_var_with_bogus_value_fails_loud	keep	tests	hint:integration
crates/piperine-lang/tests/introspection_meta.rs	at_kind_on_var_with_terminal_value_fails_loud	keep	tests	hint:integration
crates/piperine-lang/tests/introspection_meta.rs	at_model_absent_yields_no_model_id	keep	tests	hint:integration
crates/piperine-lang/tests/introspection_meta.rs	at_model_on_var_fails_loud	keep	tests	hint:integration
crates/piperine-lang/tests/introspection_meta.rs	at_model_populates_model_id	keep	tests	hint:integration
crates/piperine-lang/tests/introspection_meta.rs	at_unit_on_module_fails_loud	keep	tests	hint:integration
crates/piperine-lang/tests/introspection_meta.rs	at_unit_on_port_fails_loud	keep	tests	hint:integration
crates/piperine-lang/tests/introspection_meta.rs	bad_field_type_fails_loud_at_elaboration	keep	tests	hint:integration
crates/piperine-lang/tests/introspection_meta.rs	duplicate_at_name_on_vars_fails_loud	keep	tests	hint:integration
crates/piperine-lang/tests/introspection_meta.rs	internal_wire_name_and_kind_resolve	keep	tests	hint:integration
crates/piperine-lang/tests/introspection_meta.rs	non_introspection_attribute_is_ignored	keep	tests	hint:integration
crates/piperine-lang/tests/introspection_meta.rs	unknown_module_fails_loud	keep	tests	hint:integration
crates/piperine-lang/tests/introspection_meta.rs	var_unit_and_description_resolve	keep	tests	hint:integration
crates/piperine-lang/tests/introspection_meta.rs	var_without_attrs_not_in_sidecar	keep	tests	hint:integration
crates/piperine-lang/tests/operator_and_impl_method_registries.rs	attr_field_carries_a_decl_span	keep	tests	hint:unit
crates/piperine-lang/tests/operator_and_impl_method_registries.rs	impl_method_table_namespaces_methods_by_owning_type	keep	tests	hint:unit
crates/piperine-lang/tests/operator_and_impl_method_registries.rs	impl_method_table_resolves_overloaded_methods_on_the_same_type	keep	tests	hint:unit
crates/piperine-lang/tests/operator_and_impl_method_registries.rs	impl_method_table_zero_match_fails_loud	keep	tests	hint:unit
crates/piperine-lang/tests/operator_and_impl_method_registries.rs	operator_registry_ambiguous_match_fails_loud_naming_every_matching_candidate	keep	tests	hint:unit
crates/piperine-lang/tests/operator_and_impl_method_registries.rs	operator_registry_disjoint_overloads_resolve_by_argument_type	keep	tests	hint:unit
crates/piperine-lang/tests/operator_and_impl_method_registries.rs	operator_registry_one_candidate_resolves_normally	keep	tests	hint:unit
crates/piperine-lang/tests/operator_and_impl_method_registries.rs	operator_registry_zero_match_fails_loud_naming_candidates_tried	keep	tests	hint:unit
crates/piperine-lang/tests/operator_resolution.rs	ddt_call_with_correct_arity_and_type_elaborates	keep	tests	hint:integration
crates/piperine-lang/tests/operator_resolution.rs	ddt_call_with_wrong_arg_type_fails_loud	keep	tests	hint:integration
crates/piperine-lang/tests/operator_resolution.rs	ddt_call_with_wrong_arity_fails_loud	keep	tests	hint:integration
crates/piperine-lang/tests/operator_resolution.rs	flicker_noise_call_with_wrong_arity_fails_loud	keep	tests	hint:integration
crates/piperine-lang/tests/operator_resolution.rs	white_noise_call_with_correct_arity_elaborates	keep	tests	hint:integration
crates/piperine-lang/tests/overload_resolution.rs	ambiguous_match_fails_loud_naming_every_matching_candidate	keep	tests	hint:unit
crates/piperine-lang/tests/overload_resolution.rs	n_candidate_disjoint_types_resolves_by_argument_type	keep	tests	hint:unit
crates/piperine-lang/tests/overload_resolution.rs	one_candidate_resolves_normally	keep	tests	hint:unit
crates/piperine-lang/tests/overload_resolution.rs	zero_match_fails_loud_naming_call_site_and_every_candidate_tried	keep	tests	hint:unit
crates/piperine-lang/tests/overload_resolution.rs	zero_match_on_arity_mismatch_also_fails_loud	keep	tests	hint:unit
crates/piperine-lang/tests/parse_elab.rs	test_block_expression	keep	tests	hint:integration
crates/piperine-lang/tests/parse_elab.rs	test_capabilities_structure	keep	tests	hint:integration
crates/piperine-lang/tests/parse_elab.rs	test_connection_stores_both_sides	keep	tests	hint:integration
crates/piperine-lang/tests/parse_elab.rs	test_contrib_force_in_event_block	keep	tests	hint:integration
crates/piperine-lang/tests/parse_elab.rs	test_core_structure	keep	tests	hint:integration
crates/piperine-lang/tests/parse_elab.rs	test_dangling_doc_run_with_no_following_decl_is_ignored	keep	tests	hint:integration
crates/piperine-lang/tests/parse_elab.rs	test_default_param_must_be_trailing	keep	tests	hint:integration
crates/piperine-lang/tests/parse_elab.rs	test_default_param_parses_when_trailing	keep	tests	hint:integration
crates/piperine-lang/tests/parse_elab.rs	test_delta_sigma_structure	keep	tests	hint:integration
crates/piperine-lang/tests/parse_elab.rs	test_doc_run_before_decl_is_captured	keep	tests	hint:integration
crates/piperine-lang/tests/parse_elab.rs	test_doc_run_separated_by_blank_line_does_not_attach	keep	tests	hint:integration
crates/piperine-lang/tests/parse_elab.rs	test_electrothermal_structure	keep	tests	hint:integration
crates/piperine-lang/tests/parse_elab.rs	test_error_on_empty_binary_literal	keep	tests	hint:integration
crates/piperine-lang/tests/parse_elab.rs	test_error_on_empty_file	keep	tests	hint:integration
crates/piperine-lang/tests/parse_elab.rs	test_error_on_malformed_module	keep	tests	hint:integration
crates/piperine-lang/tests/parse_elab.rs	test_error_on_missing_semicolon	keep	tests	hint:integration
crates/piperine-lang/tests/parse_elab.rs	test_event_body_is_block	keep	tests	hint:integration
crates/piperine-lang/tests/parse_elab.rs	test_inclusive_slice	keep	tests	hint:integration
crates/piperine-lang/tests/parse_elab.rs	test_language_features_structure	keep	tests	hint:integration
crates/piperine-lang/tests/parse_elab.rs	test_multiline_doc_run_joins_with_newline	keep	tests	hint:integration
crates/piperine-lang/tests/parse_elab.rs	test_named_array_instance	keep	tests	hint:integration
crates/piperine-lang/tests/parse_elab.rs	test_parse_all_examples	keep	tests	hint:integration
crates/piperine-lang/tests/parse_elab.rs	test_path_in_expression	keep	tests	hint:integration
crates/piperine-lang/tests/parse_elab.rs	test_plain_line_comment_is_discarded_not_captured_as_doc	keep	tests	hint:integration
crates/piperine-lang/tests/parse_elab.rs	test_precedence_bitor_lowest	keep	tests	hint:integration
crates/piperine-lang/tests/parse_elab.rs	test_sar_adc_structure	keep	tests	hint:integration
crates/piperine-lang/tests/parse_elab.rs	test_triple_slash_inside_plain_comment_line_is_not_special	keep	tests	hint:integration
crates/piperine-lang/tests/parse_elab.rs	test_use_declarations	keep	tests	hint:integration
crates/piperine-lang/tests/pom_serde.rs	design_round_trips_through_json	keep	tests	hint:integration
crates/piperine-lang/tests/pom_serde.rs	flat_modules_is_skipped_on_serialize	keep	tests	hint:integration
crates/piperine-lang/tests/pom_serde.rs	module_and_port_doc_round_trip_through_json_when_present	keep	tests	hint:integration
crates/piperine-lang/tests/pom_serde.rs	module_doc_defaults_to_none_and_round_trips_as_none	keep	tests	hint:integration
crates/piperine-lang/tests/pom_serde.rs	runtime_handles_fail_loud	keep	tests	hint:integration
crates/piperine-lang/tests/pom_serde.rs	value_data_variants_round_trip	keep	tests	hint:integration
crates/piperine-lang/tests/prelude.rs	c1_ground_discipline_is_predefined	keep	tests	hint:integration
crates/piperine-lang/tests/prelude.rs	c1_unknown_discipline_still_errors	keep	tests	hint:integration
crates/piperine-lang/tests/prelude.rs	c1_wire_with_ground_type_resolves	keep	tests	hint:integration
crates/piperine-lang/tests/prelude.rs	c3_net_capability_is_predefined	keep	tests	hint:integration
crates/piperine-lang/tests/prelude.rs	c3_type_and_net_capabilities_are_predefined	keep	tests	hint:integration
crates/piperine-lang/tests/prelude.rs	c4_constants_are_resolvable	keep	tests	hint:integration
crates/piperine-lang/tests/prelude.rs	c5_disciplines_are_resolvable	keep	tests	hint:integration
crates/piperine-lang/tests/prelude.rs	project_origins_track_item_packages	keep	tests	hint:integration
crates/piperine-lang/tests/rfport.rs	test_rfport_attribute_elaborates_on_wire	keep	tests	hint:integration
crates/piperine-lang/tests/rfport.rs	test_rfport_bad_arg_type_fails_loud	keep	tests	hint:integration
crates/piperine-lang/tests/rfport.rs	test_rfport_duplicate_num_fails_loud	keep	tests	hint:integration
crates/piperine-lang/tests/rfport.rs	test_rfport_module_with_no_ports_returns_empty	keep	tests	hint:integration
crates/piperine-lang/tests/rfport.rs	test_rfport_negative_z0_fails_loud	keep	tests	hint:integration
crates/piperine-lang/tests/rfport.rs	test_rfport_non_positive_z0_fails_loud	keep	tests	hint:integration
crates/piperine-lang/tests/rfport.rs	test_rfport_on_port	keep	tests	hint:integration
crates/piperine-lang/tests/rfport.rs	test_rfport_two_ports	keep	tests	hint:integration
crates/piperine-lang/tests/rfport.rs	test_rfport_unknown_module_fails_loud	keep	tests	hint:integration
crates/piperine-lang/tests/rfport.rs	test_rfport_z0_defaults_to_50	keep	tests	hint:integration
crates/piperine-lang/tests/run_examples.rs	test_all_examples_compile	delete	tests	survivor: tests/run_examples.rs::every_example_phdl_elaborates (third same-layer copy of the example gate)
crates/piperine-lang/tests/spec_simulation.rs	analog_var_reuse_does_not_explode	keep	tests	hint:integration
crates/piperine-lang/tests/spec_simulation.rs	digital_cross_module_flops_sample_simultaneously	keep	tests	hint:integration
crates/piperine-lang/tests/spec_simulation.rs	digital_network_fuses_combinational_chain	keep	tests	hint:integration
crates/piperine-lang/tests/spec_simulation.rs	sim_ac_idt_integrator_slope_and_phase	keep	tests	hint:integration
crates/piperine-lang/tests/spec_simulation.rs	sim_ac_multiple_ac_stim_superposition	keep	tests	hint:integration
crates/piperine-lang/tests/spec_simulation.rs	sim_dc_comparator_a2d_bridge	keep	tests	hint:integration
crates/piperine-lang/tests/spec_simulation.rs	sim_dc_current_source_into_resistor	keep	tests	hint:integration
crates/piperine-lang/tests/spec_simulation.rs	sim_dc_diode_operating_point	keep	tests	hint:integration
crates/piperine-lang/tests/spec_simulation.rs	sim_dc_diode_pnjlim_converges	keep	tests	hint:integration
crates/piperine-lang/tests/spec_simulation.rs	sim_dc_optional_param_get_or	keep	tests	hint:integration
crates/piperine-lang/tests/spec_simulation.rs	sim_dc_table_clamps_at_the_ends	keep	tests	hint:integration
crates/piperine-lang/tests/spec_simulation.rs	sim_dc_table_nonlinear_resistor	keep	tests	hint:integration
crates/piperine-lang/tests/spec_simulation.rs	sim_dc_table_nonuniform_spacing_slope	keep	tests	hint:integration
crates/piperine-lang/tests/spec_simulation.rs	sim_dc_voltage_divider	keep	tests	hint:integration
crates/piperine-lang/tests/spec_simulation.rs	sim_kernel_transition_reads_state_bank	keep	tests	hint:integration
crates/piperine-lang/tests/spec_simulation.rs	sim_tran_above_event_toggles_switch_state	keep	tests	hint:integration
crates/piperine-lang/tests/spec_simulation.rs	sim_tran_initial_branch_force_precharged_cap	keep	tests	hint:integration
crates/piperine-lang/tests/spec_simulation.rs	sim_tran_rc_charging	keep	tests	hint:integration
crates/piperine-lang/tests/spec_simulation.rs	sim_tran_transition_ramps_step_into_rc	keep	tests	hint:integration
crates/piperine-lang/tests/spec_simulation.rs	sim_tran_transition_state_survives_rejected_steps	keep	tests	hint:integration
crates/piperine-lang/tests/spec_simulation.rs	sim_tran_transition_zero_rise_fall_is_an_instantaneous_step	keep	tests	hint:integration
crates/piperine-lang/tests/spec_simulation.rs	spec_bit_to_voltage_d2a_bridge	keep	tests	hint:integration
crates/piperine-lang/tests/spec_simulation.rs	spec_capacitor_is_reactive	keep	tests	hint:integration
crates/piperine-lang/tests/spec_simulation.rs	spec_comparator_a2d_threshold	keep	tests	hint:integration
crates/piperine-lang/tests/spec_simulation.rs	spec_delta_sigma_compiles_both_bodies	keep	tests	hint:integration
crates/piperine-lang/tests/spec_simulation.rs	spec_digital_initial_event_fires_at_init	keep	tests	hint:integration
crates/piperine-lang/tests/spec_simulation.rs	spec_diode_nonlinear_residual	keep	tests	hint:integration
crates/piperine-lang/tests/spec_simulation.rs	spec_lc_tank_compiles_with_initial_event	keep	tests	hint:integration
crates/piperine-lang/tests/spec_simulation.rs	spec_math_functions_eval_correctly	keep	tests	hint:integration
crates/piperine-lang/tests/spec_simulation.rs	spec_opamp_finite_gain_vcvss	keep	tests	hint:integration
crates/piperine-lang/tests/spec_simulation.rs	spec_parametric_module_monomorphizes	keep	tests	hint:integration
crates/piperine-lang/tests/spec_simulation.rs	spec_parent_contribution_to_named_instance_port	keep	tests	hint:integration
crates/piperine-lang/tests/spec_simulation.rs	spec_parent_contribution_with_behavioral_for_and_indexed_ports	keep	tests	hint:integration
crates/piperine-lang/tests/spec_simulation.rs	spec_rc_ladder_structural_for_compiles	keep	tests	hint:integration
crates/piperine-lang/tests/spec_simulation.rs	spec_resistor_residual_ohms_law	keep	tests	hint:integration
crates/piperine-lang/tests/spec_simulation.rs	spec_sr_latch_set_reset_hold	keep	tests	hint:integration
crates/piperine-lang/tests/spec_simulation.rs	spec_switch_branch_closed_is_low_impedance	keep	tests	hint:integration
crates/piperine-lang/tests/spec_simulation.rs	spec_synchronizer_pipeline_pre_edge_reads	keep	tests	hint:integration
crates/piperine-lang/tests/spec_simulation.rs	spec_vsource_force_stamps_voltage	keep	tests	hint:integration
crates/piperine-lang/tests/spice_headers.rs	every_spice_header_elaborates	keep	tests	hint:integration
crates/piperine-lang/tests/spice_headers.rs	full_path_and_explicit_use_coexist	keep	tests	hint:integration
crates/piperine-lang/tests/spice_headers.rs	full_path_labeled_instance_elaborates_without_use	keep	tests	hint:integration
crates/piperine-lang/tests/spice_headers.rs	full_path_to_missing_file_fails_loud	keep	tests	hint:integration
crates/piperine-lang/tests/spice_headers.rs	full_path_unlabeled_instance_elaborates_without_use	keep	tests	hint:integration
crates/piperine-lang/tests/spice_headers.rs	use_spice_diode_resolves_via_builtin_namespace	keep	tests	hint:integration
crates/piperine-lang/tests/system_task_migration_completeness.rs	bound_step_resolves	keep	tests	hint:integration
crates/piperine-lang/tests/system_task_migration_completeness.rs	discontinuity_resolves	keep	tests	hint:integration
crates/piperine-lang/tests/system_task_migration_completeness.rs	display_resolves	keep	tests	hint:integration
crates/piperine-lang/tests/system_task_migration_completeness.rs	error_resolves	keep	tests	hint:integration
crates/piperine-lang/tests/system_task_migration_completeness.rs	fatal_resolves	keep	tests	hint:integration
crates/piperine-lang/tests/system_task_migration_completeness.rs	finish_resolves	keep	tests	hint:integration
crates/piperine-lang/tests/system_task_migration_completeness.rs	info_resolves	keep	tests	hint:integration
crates/piperine-lang/tests/system_task_migration_completeness.rs	stop_resolves	keep	tests	hint:integration
crates/piperine-lang/tests/system_task_migration_completeness.rs	strobe_resolves	keep	tests	hint:integration
crates/piperine-lang/tests/system_task_migration_completeness.rs	undeclared_diagnostic_name_still_fails_loud	keep	tests	hint:integration
crates/piperine-lang/tests/system_task_migration_completeness.rs	warning_resolves	keep	tests	hint:integration
crates/piperine-lang/tests/system_task_migration_completeness.rs	write_resolves	keep	tests	hint:integration
crates/piperine-lang/tests/type_casts.rs	test_b5_explicit_cast_allowed	keep	tests	hint:integration
crates/piperine-lang/tests/type_casts.rs	test_b5_implicit_cast_rejected	keep	tests	hint:integration
crates/piperine-lang/tests/type_casts.rs	test_b5_implicit_widening_allowed	keep	tests	hint:integration
crates/piperine-lang/tests/urc_flatten.rs	urc2_and_urc10_flatten_to_expected_leaf_counts	keep	tests	hint:integration
crates/piperine-lang/tests/urc_flatten.rs	urc5_flattens_to_ten_leaves_with_composed_labels	keep	tests	hint:integration
crates/piperine-lang/tests/urc_flatten.rs	urc5_module_alone_flattens_to_ten_leaves	keep	tests	hint:integration
crates/piperine-plugin-macros/tests/compile_fail.rs	malformed_device_usage_fails_to_compile	keep	tests	hint:integration
crates/piperine-plugin-macros/tests/compile_fail.rs	malformed_script_and_hook_usage_fails_to_compile	keep	tests	hint:integration
crates/piperine-plugin-macros/tests/registration.rs	device_macro_registers_exactly_the_declared_type_id	keep	tests	hint:unit
crates/piperine-plugin-macros/tests/registration.rs	registered_factory_reports_the_declared_kind_and_builds_the_element	keep	tests	hint:unit
crates/piperine-plugin-macros/tests/script_hook.rs	each_hook_fires_with_its_phase_payload	keep	tests	hint:integration
crates/piperine-plugin-macros/tests/script_hook.rs	hook_registrations_cover_exactly_the_five_frozen_phases	keep	tests	hint:integration
crates/piperine-plugin-macros/tests/script_hook.rs	script_registers_under_its_name_and_dispatches_with_args	keep	tests	hint:integration
crates/piperine-plugin/src/capability.rs	globs	keep	inline	hint:unit
crates/piperine-plugin/tests/e2e.rs	device_attribute_requires_seeded_schema	keep	tests	hint:integration
crates/piperine-plugin/tests/e2e.rs	device_without_host_fails_loud	keep	tests	hint:integration
crates/piperine-plugin/tests/e2e.rs	plugin_inverter_runs_through_scheduler	keep	tests	hint:integration
crates/piperine-plugin/tests/e2e.rs	plugin_resistor_honors_param_override	keep	tests	hint:integration
crates/piperine-plugin/tests/e2e.rs	plugin_resistor_solves_dc	keep	tests	hint:integration
crates/piperine-plugin/tests/e2e.rs	unregistered_type_fails_loud	keep	tests	hint:integration
crates/piperine-plugin/tests/extern_stub.rs	shipped_extern_stub_is_inert_and_only_stdlib_schemas_seed	keep	tests	hint:integration
crates/piperine-plugin/tests/inject.rs	authored_structure_is_never_overwritten	keep	tests	hint:integration
crates/piperine-plugin/tests/inject.rs	injected_device_honors_staged_params	keep	tests	hint:integration
crates/piperine-plugin/tests/inject.rs	injected_device_instance_solves_through_the_device_path	keep	tests	hint:integration
crates/piperine-plugin/tests/inject.rs	injection_of_an_undeclared_module_fails_loud	keep	tests	hint:integration
crates/piperine-plugin/tests/inject.rs	injection_to_an_unknown_parent_fails_loud	keep	tests	hint:integration
crates/piperine-plugin/tests/macro_collisions.rs	duplicate_device_type_ids_are_a_loud_conflict	keep	tests	hint:integration
crates/piperine-plugin/tests/manifest.rs	a_dedicated_manifest_wins_over_the_inline_section	move-inline	inline	pure Manifest::parse unit suite -> src/manifest.rs #[cfg(test)]
crates/piperine-plugin/tests/manifest.rs	a_package_declaring_no_contributions_fails_loud	move-inline	inline	pure Manifest::parse unit suite -> src/manifest.rs #[cfg(test)]
crates/piperine-plugin/tests/manifest.rs	an_inline_plugin_section_is_a_manifest	move-inline	inline	pure Manifest::parse unit suite -> src/manifest.rs #[cfg(test)]
crates/piperine-plugin/tests/manifest.rs	any_other_abi_field_is_rejected	move-inline	inline	pure Manifest::parse unit suite -> src/manifest.rs #[cfg(test)]
crates/piperine-plugin/tests/manifest.rs	bare_plugin_section_infers_pure_phdl_shape	move-inline	inline	pure Manifest::parse unit suite -> src/manifest.rs #[cfg(test)]
crates/piperine-plugin/tests/manifest.rs	bench_tasks_manifest_is_a_clear_removal_error	move-inline	inline	pure Manifest::parse unit suite -> src/manifest.rs #[cfg(test)]
crates/piperine-plugin/tests/manifest.rs	device_and_python_both_parse	move-inline	inline	pure Manifest::parse unit suite -> src/manifest.rs #[cfg(test)]
crates/piperine-plugin/tests/manifest.rs	device_manifest_infers_device_shape	move-inline	inline	pure Manifest::parse unit suite -> src/manifest.rs #[cfg(test)]
crates/piperine-plugin/tests/manifest.rs	device_source_needs_exactly_one_of_path_or_release	move-inline	inline	pure Manifest::parse unit suite -> src/manifest.rs #[cfg(test)]
crates/piperine-plugin/tests/manifest.rs	empty_name_and_malformed_toml_are_bad_manifest	move-inline	inline	pure Manifest::parse unit suite -> src/manifest.rs #[cfg(test)]
crates/piperine-plugin/tests/manifest.rs	minimal_manifest_gets_default_permissions	move-inline	inline	pure Manifest::parse unit suite -> src/manifest.rs #[cfg(test)]
crates/piperine-plugin/tests/manifest.rs	python_manifest_infers_scripted_shape	move-inline	inline	pure Manifest::parse unit suite -> src/manifest.rs #[cfg(test)]
crates/piperine-plugin/tests/manifest.rs	removed_backends_are_a_targeted_error	move-inline	inline	pure Manifest::parse unit suite -> src/manifest.rs #[cfg(test)]
crates/piperine-plugin/tests/manifest.rs	unknown_permission_field_is_rejected	move-inline	inline	pure Manifest::parse unit suite -> src/manifest.rs #[cfg(test)]
crates/piperine-plugin/tests/native_smoke.rs	a_contributing_dependency_loads_as_a_plugin	keep	tests	hint:integration
crates/piperine-plugin/tests/native_smoke.rs	a_plain_dependency_is_not_a_plugin	keep	tests	hint:integration
crates/piperine-plugin/tests/native_smoke.rs	dlopen_load_register_and_trust_flow	keep	tests	hint:integration
crates/piperine-plugin/tests/native_smoke.rs	project_without_plugins_is_inert	keep	tests	hint:integration
crates/piperine-plugin/tests/phase3.rs	conflicting_specs_from_two_plugins_fail_loud	regroup	tests	named after a plan phase; split into hooks.rs + inject.rs by functionality
crates/piperine-plugin/tests/phase3.rs	read_only_hooks_observe_the_pipeline	regroup	tests	named after a plan phase; split into hooks.rs + inject.rs by functionality
crates/piperine-plugin/tests/phase3.rs	restaging_across_analyses_is_idempotent	regroup	tests	named after a plan phase; split into hooks.rs + inject.rs by functionality
crates/piperine-plugin/tests/phase3.rs	script_runs_under_its_filesystem_capability	regroup	tests	named after a plan phase; split into hooks.rs + inject.rs by functionality
crates/piperine-plugin/tests/phase3.rs	transform_design_injects_a_declared_instance	regroup	tests	named after a plan phase; split into hooks.rs + inject.rs by functionality
crates/piperine-plugin/tests/phase3.rs	undeclared_type_fails_loud	regroup	tests	named after a plan phase; split into hooks.rs + inject.rs by functionality
crates/piperine-plugin/tests/release_fetch.rs	a_cached_and_pinned_binary_loads_without_network	keep	tests	hint:unit
crates/piperine-plugin/tests/release_fetch.rs	a_changed_asset_re_prompts_and_re_pins_on_accept	keep	tests	hint:unit
crates/piperine-plugin/tests/release_fetch.rs	a_second_machine_fetches_the_identical_asset_and_matches_the_pin_without_a_prompt	keep	tests	hint:unit
crates/piperine-plugin/tests/release_fetch.rs	a_verify_match_loads_without_a_tofu_prompt	keep	tests	hint:unit
crates/piperine-plugin/tests/release_fetch.rs	a_verify_mismatch_hard_fails_without_a_prompt	keep	tests	hint:unit
crates/piperine-plugin/tests/release_fetch.rs	an_approved_asset_is_pinned_as_release_triple_hash	keep	tests	hint:unit
crates/piperine-plugin/tests/release_fetch.rs	an_offline_second_machine_without_cache_fails_loud	keep	tests	hint:unit
crates/piperine-plugin/tests/release_fetch.rs	an_unknown_asset_is_rejected_in_reject_mode	keep	tests	hint:unit
crates/piperine-plugin/tests/trust.rs	accept_records_and_then_never_reasks	keep	tests	hint:unit
crates/piperine-plugin/tests/trust.rs	artifact_hash_is_stable_sha256	keep	tests	hint:unit
crates/piperine-plugin/tests/trust.rs	changed_hash_is_a_hash_mismatch	keep	tests	hint:unit
crates/piperine-plugin/tests/trust.rs	reject_mode_rejects_unknown_plugins	keep	tests	hint:unit
crates/piperine-project/src/git.rs	bare_owner_repo_resolves_to_github	keep	inline	hint:unit
crates/piperine-project/src/git.rs	full_https_url_is_verbatim	keep	inline	hint:unit
crates/piperine-project/src/git.rs	full_url_with_dot_git_suffix_is_verbatim	keep	inline	hint:unit
crates/piperine-project/src/git.rs	malformed_bare_sources_fail_loud	keep	inline	hint:unit
crates/piperine-project/src/git.rs	non_github_full_url_is_verbatim	keep	inline	hint:unit
crates/piperine-project/src/git.rs	scp_style_git_url_is_verbatim	keep	inline	hint:unit
crates/piperine-project/src/release.rs	a_release_without_the_host_triple_fails_loud	keep	inline	hint:unit
crates/piperine-project/src/release.rs	asset_extension_follows_the_triple_family	keep	inline	hint:unit
crates/piperine-project/src/release.rs	asset_matching_is_case_sensitive	keep	inline	hint:unit
crates/piperine-project/src/release.rs	malformed_coordinates_fail_loud	keep	inline	hint:unit
crates/piperine-project/src/release.rs	parses_a_github_coordinate	keep	inline	hint:unit
crates/piperine-project/src/release.rs	selects_the_host_triple_asset	keep	inline	hint:unit
crates/piperine-project/src/resolver.rs	a_contributing_dependency_resolves_as_a_plugin	keep	inline	hint:unit
crates/piperine-project/src/resolver.rs	an_explicit_plugins_entry_wins_over_the_dependency_path	keep	inline	hint:unit
crates/piperine-project/src/resolver.rs	an_inline_plugin_section_marks_a_dependency_as_a_plugin	keep	inline	hint:unit
crates/piperine-project/src/resolver.rs	subdir_escapes_fail_loud	keep	inline	hint:unit
crates/piperine-project/src/resolver.rs	subdir_none_is_the_checkout_itself	keep	inline	hint:unit
crates/piperine-project/src/resolver.rs	subdir_parses_from_toml	keep	inline	hint:unit
crates/piperine-project/src/resolver.rs	subdir_resolves_inside_the_checkout	keep	inline	hint:unit
crates/piperine-project/src/source_map.rs	a_plugins_entry_is_an_importable_namespace	keep	inline	hint:integration
crates/piperine-project/src/source_map.rs	builtin_spice_namespace_without_piperine_toml	keep	inline	hint:integration
crates/piperine-project/src/source_map.rs	project_named_spice_shadows_builtin	keep	inline	hint:integration
crates/piperine-project/tests/release.rs	a_corrupt_cached_artifact_fails_loud	keep	tests	hint:unit
crates/piperine-project/tests/release.rs	a_pinned_hash_loads_from_cache_without_network	keep	tests	hint:unit
crates/piperine-project/tests/release.rs	a_wrong_triple_release_errors_naming_triple_and_release	keep	tests	hint:unit
crates/piperine-project/tests/release.rs	fetch_downloads_hashes_and_caches_the_triple_asset	keep	tests	hint:unit
crates/piperine-python/src/lib.rs	ac_returns_complex_waveform_with_projections	keep	inline	hint:integration
crates/piperine-python/src/lib.rs	analyses_return_typed_results	keep	inline	hint:integration
crates/piperine-python/src/lib.rs	instance_path_returns_terminal_subview	keep	inline	hint:integration
crates/piperine-python/src/lib.rs	load_returns_reflected_design	keep	inline	hint:integration
crates/piperine-python/src/lib.rs	module_reflects_structure	keep	inline	hint:integration
crates/piperine-python/src/lib.rs	noise_returns_psd_waveform_and_total	keep	inline	hint:integration
crates/piperine-python/src/lib.rs	op_result_reads_voltages_and_currents	keep	inline	hint:integration
crates/piperine-python/src/lib.rs	select_resolves_path_and_errors_on_miss	keep	inline	hint:integration
crates/piperine-python/src/lib.rs	solver_config_reaches_newton	keep	inline	hint:integration
crates/piperine-python/src/lib.rs	stage_overrides_next_analysis	keep	inline	hint:integration
crates/piperine-python/src/lib.rs	stats_exposed_on_results	keep	inline	hint:integration
crates/piperine-python/src/lib.rs	trace_reads_waveforms_and_axis	keep	inline	hint:integration
crates/piperine-python/src/lib.rs	waveform_exposes_numpy_and_stats	keep	inline	hint:integration
crates/piperine-python/src/live.rs	live_session_set_op_matches_fresh_builds_and_keeps_result_shapes	keep	inline	hint:integration
crates/piperine-python/src/live.rs	mid_transient_structural_set_restarts_from_t_with_carried_state	keep	inline	hint:integration
crates/piperine-python/src/live.rs	structural_set_auto_rebuilds_with_state_carry_and_failure_keeps_old_circuit	keep	inline	hint:integration
crates/piperine-python/tests/disto_parity.rs	python_disto_matches_rust_disto	keep	tests	hint:integration
crates/piperine-python/tests/embed.rs	run_script_imports_piperine_and_propagates_errors	keep	tests	hint:integration
crates/piperine-python/tests/extract.rs	extract_over_trace_returns_named_measurement_dict	keep	tests	hint:integration
crates/piperine-python/tests/extract.rs	extract_over_waveform_returns_named_measurement_dict	keep	tests	hint:integration
crates/piperine-python/tests/extract.rs	extract_with_no_measurements_returns_empty_dict	keep	tests	hint:integration
crates/piperine-python/tests/facade_hygiene.rs	facade_is_fully_documented_and_in_parity	keep	tests	hint:integration
crates/piperine-python/tests/four_parity.rs	python_fourier_matches_rust_fourier	keep	tests	hint:integration
crates/piperine-python/tests/host_plot.rs	plot_and_bode_render_with_matplotlib_and_fail_loud_without_it	keep	tests	hint:integration
crates/piperine-python/tests/host_sweep.rs	python_sweep_rebuilds_once_and_matches_fresh_builds	keep	tests	hint:integration
crates/piperine-python/tests/host_sweep_grid.rs	python_grid_iterates_and_maps_to_a_shaped_ndarray	keep	tests	hint:integration
crates/piperine-python/tests/live_facade.rs	facade_live_session_has_error_parity_and_scheduled_sets	keep	tests	hint:integration
crates/piperine-python/tests/live_optimize_example.rs	live_optimize_example_passes_with_one_live_compilation	keep	tests	hint:integration
crates/piperine-python/tests/live_session.rs	live_session_compiles_once_across_set_op_loop	keep	tests	hint:integration
crates/piperine-python/tests/naming_cleanup.rs	naming_cleanup_and_properties	keep	tests	hint:integration
crates/piperine-python/tests/net_ref_enums.rs	cross_direction_and_scale_enums	keep	tests	hint:integration
crates/piperine-python/tests/opvar_host.rs	opvar_and_opvars_are_readable_from_python	keep	tests	hint:integration
crates/piperine-python/tests/pyi_stub.rs	py_typed_marker_exists	keep	tests	hint:integration
crates/piperine-python/tests/pyi_stub.rs	stub_classes_and_members_exist_at_runtime	keep	tests	hint:integration
crates/piperine-python/tests/pyi_stub.rs	stub_file_is_syntactically_valid_python	keep	tests	hint:integration
crates/piperine-python/tests/pz_parity.rs	python_pz_matches_rust_pz	keep	tests	hint:integration
crates/piperine-python/tests/scripted_plugin.rs	all_five_hooks_fire_with_their_payloads	keep	tests	hint:integration
crates/piperine-python/tests/scripted_plugin.rs	decorator_declarations_land_in_the_host_table	keep	tests	hint:integration
crates/piperine-python/tests/scripted_plugin.rs	script_design_access_fails_loud	keep	tests	hint:integration
crates/piperine-python/tests/scripted_plugin.rs	script_dispatches_with_args_and_exit_code	keep	tests	hint:integration
crates/piperine-python/tests/scripted_plugin.rs	testbench_exercises_the_decorator_surface	keep	tests	hint:integration
crates/piperine-python/tests/sens_parity.rs	python_pss_matches_rust_pss	keep	tests	hint:integration
crates/piperine-python/tests/sens_parity.rs	python_sens_matches_rust_sens	keep	tests	hint:integration
crates/piperine-python/tests/session_analyses.rs	session_exposes_sens_pz_disto_tf_dc_with_typed_results	keep	tests	hint:integration
crates/piperine-python/tests/simulation_error.rs	hierarchy_classes_exist_and_share_a_base	keep	tests	hint:integration
crates/piperine-python/tests/simulation_error.rs	load_failure_raises_elaboration_error	keep	tests	hint:integration
crates/piperine-python/tests/simulation_error.rs	non_converging_run_raises_convergence_error	keep	tests	hint:integration
crates/piperine-python/tests/simulation_error.rs	unaddressable_net_raises_unknown_net	keep	tests	hint:integration
crates/piperine-python/tests/simulation_error.rs	unknown_module_lookup_raises_unknown_module	keep	tests	hint:integration
crates/piperine-python/tests/smoke.rs	uniform_shape_matches_rust_host	keep	tests	hint:integration
crates/piperine-python/tests/sp_parity.rs	python_sp_matches_rust_sp	keep	tests	hint:integration
crates/piperine-python/tests/typed_configs.rs	config_signatures_show_typed_fields	keep	tests	hint:integration
crates/piperine-python/tests/typed_configs.rs	session_dc_accepts_nodeset	keep	tests	hint:integration
crates/piperine-python/tests/typed_configs.rs	solver_dc_damp_tolerance_reaches_the_analysis	keep	tests	hint:integration
crates/piperine-python/tests/typed_configs.rs	with_returns_immutable_copy	keep	tests	hint:integration
crates/piperine-python/tests/units.rs	hz_garbage_string_fails_loud	keep	tests	hint:integration
crates/piperine-python/tests/units.rs	hz_parses_si_suffixed_strings	keep	tests	hint:integration
crates/piperine-python/tests/units.rs	ns_mv_c_helpers_convert_to_si_base_units	keep	tests	hint:integration
crates/piperine-python/tests/units.rs	raw_floats_do_not_string_parse	keep	tests	hint:integration
crates/piperine-solver/src/analyses/config.rs	defaults_equal_the_literals_they_replace	keep	inline	hint:unit
crates/piperine-solver/src/analyses/convergence.rs	source_stepping_backs_off_after_failure	keep	inline	hint:unit
crates/piperine-solver/src/analyses/convergence.rs	source_stepping_gives_up_when_backoff_exhausts	keep	inline	hint:unit
crates/piperine-solver/src/analyses/convergence.rs	source_stepping_ramp_schedule	keep	inline	hint:unit
crates/piperine-solver/src/analyses/convergence.rs	source_stepping_warm_start_chain	keep	inline	hint:unit
crates/piperine-solver/src/analyses/disto.rs	bad_options_fail_loud	keep	inline	hint:integration
crates/piperine-solver/src/analyses/disto.rs	hd3_includes_the_f2_x1_x2_cross_term	keep	inline	hint:integration
crates/piperine-solver/src/analyses/disto.rs	linear_circuit_emits_named_capability_warning	keep	inline	hint:integration
crates/piperine-solver/src/analyses/disto.rs	linear_circuit_has_zero_hd2	keep	inline	hint:integration
crates/piperine-solver/src/analyses/disto.rs	nonlinear_circuit_runs_with_no_capability_warning	keep	inline	hint:integration
crates/piperine-solver/src/analyses/disto.rs	numeric_jacobian_device_fails_loud_at_prescan	keep	inline	hint:integration
crates/piperine-solver/src/analyses/disto.rs	single_tone_hd2_matches_closed_form_volterra	keep	inline	hint:integration
crates/piperine-solver/src/analyses/disto.rs	single_tone_hd3_matches_closed_form_volterra	keep	inline	hint:integration
crates/piperine-solver/src/analyses/disto.rs	two_tone_im2_im3_match_hand_run_volterra_recursion	keep	inline	hint:integration
crates/piperine-solver/src/analyses/events.rs	all_four_sources_coexist_in_unified_queue	keep	inline	hint:integration
crates/piperine-solver/src/analyses/events.rs	binary_heap_peek_returns_earliest_via_reverse	keep	inline	hint:integration
crates/piperine-solver/src/analyses/events.rs	checkpoint_rollback_restores_only_restore_tagged_entries	keep	inline	hint:integration
crates/piperine-solver/src/analyses/events.rs	commit_drops_checkpoint_so_rollback_is_noop	keep	inline	hint:integration
crates/piperine-solver/src/analyses/events.rs	constructors_set_correct_kind_priority_and_rollback	keep	inline	hint:integration
crates/piperine-solver/src/analyses/events.rs	drain_due_returns_earliest_entries_in_time_order	keep	inline	hint:integration
crates/piperine-solver/src/analyses/events.rs	empty_queue_peek_is_positive_infinity	keep	inline	hint:integration
crates/piperine-solver/src/analyses/events.rs	event_entry_orders_by_time_then_priority	keep	inline	hint:integration
crates/piperine-solver/src/analyses/events.rs	rollback_drops_entries_pushed_during_attempt	keep	inline	hint:integration
crates/piperine-solver/src/analyses/events.rs	rollback_drops_non_restore_drained_entries	keep	inline	hint:integration
crates/piperine-solver/src/analyses/events.rs	rollback_honors_per_source_rollback_behavior	keep	inline	hint:integration
crates/piperine-solver/src/analyses/noise.rs	noise_named	keep	inline	hint:integration
crates/piperine-solver/src/analyses/noise.rs	noise_new_defaults	keep	inline	hint:integration
crates/piperine-solver/src/analyses/noise.rs	test_per_source_noise_reporting_and_conservation	keep	inline	hint:integration
crates/piperine-solver/src/analyses/pz.rs	assembles_known_2x2_g_and_c_on_an_rc_network	keep	inline	hint:integration
crates/piperine-solver/src/analyses/pz.rs	finite_generalized_eigenvalues_pairs_conjugates	keep	inline	hint:integration
crates/piperine-solver/src/analyses/pz.rs	finite_generalized_eigenvalues_snaps_real_roots	keep	inline	hint:integration
crates/piperine-solver/src/analyses/pz.rs	freq_nonlinear_ac_stamp_fails_loud_pz06	keep	inline	hint:integration
crates/piperine-solver/src/analyses/pz.rs	lag_network_has_the_known_pole_and_zero	keep	inline	hint:integration
crates/piperine-solver/src/analyses/pz.rs	rc_low_pass_has_no_transmission_zero	keep	inline	hint:integration
crates/piperine-solver/src/analyses/pz.rs	rc_low_pass_has_one_real_pole_at_minus_one_over_rc	keep	inline	hint:integration
crates/piperine-solver/src/analyses/pz.rs	resistor_only_circuit_fails_loud_pz05	keep	inline	hint:integration
crates/piperine-solver/src/analyses/pz.rs	series_rlc_has_complex_conjugate_pole_pair	keep	inline	hint:integration
crates/piperine-solver/src/analyses/sp.rs	coincident_port_nodes_fail_loud	keep	inline	hint:integration
crates/piperine-solver/src/analyses/sp.rs	degenerate_ground_port_fails_loud	keep	inline	hint:integration
crates/piperine-solver/src/analyses/sp.rs	duplicate_port_num_fails_loud	keep	inline	hint:integration
crates/piperine-solver/src/analyses/sp.rs	non_positive_z0_fails_loud	keep	inline	hint:integration
crates/piperine-solver/src/analyses/sp.rs	reciprocal_network_has_s12_eq_s21_and_passive_sii	keep	inline	hint:integration
crates/piperine-solver/src/analyses/sp.rs	series_r_attenuator_matches_analytic_s11_s21	keep	inline	hint:integration
crates/piperine-solver/src/analyses/sp.rs	shunt_c_lowpass_s21_rolls_off_with_frequency	keep	inline	hint:integration
crates/piperine-solver/src/analyses/sp.rs	unknown_port_node_fails_loud	keep	inline	hint:integration
crates/piperine-solver/src/analyses/sp.rs	zero_ports_fails_loud	keep	inline	hint:integration
crates/piperine-solver/src/analyses/tf.rs	no_eprintln_in_tf_solver_a13	keep	inline	hint:integration
crates/piperine-solver/src/analyses/transient.rs	drain_preserves_scheduling_order_for_last_write_wins	keep	inline	hint:integration
crates/piperine-solver/src/analyses/transient.rs	drain_takes_only_due_entries_and_keeps_the_rest_pending	keep	inline	hint:integration
crates/piperine-solver/src/analyses/transient.rs	next_breakpoint_is_the_earliest_pending_time_strictly_after_from	keep	inline	hint:integration
crates/piperine-solver/src/analyses/transient.rs	transient_step_lookup_by_net_returns_analog_and_digital_values	keep	inline	hint:integration
crates/piperine-solver/src/core/builder.rs	abi09_allocator_grows_matrix	keep	inline	hint:integration
crates/piperine-solver/src/core/builder.rs	abi09_missing_flag_returns_err	keep	inline	hint:integration
crates/piperine-solver/src/core/builder.rs	ac1_new_builder_is_empty	keep	inline	hint:integration
crates/piperine-solver/src/core/builder.rs	ac2_ground_is_idempotent	keep	inline	hint:integration
crates/piperine-solver/src/core/builder.rs	ac3_node_is_idempotent	keep	inline	hint:integration
crates/piperine-solver/src/core/builder.rs	ac4_digital_net_sequential_indices	keep	inline	hint:integration
crates/piperine-solver/src/core/builder.rs	ac6_build_runs_digital_init	keep	inline	hint:integration
crates/piperine-solver/src/core/builder.rs	ac7_build_without_ground_succeeds	keep	inline	hint:integration
crates/piperine-solver/src/core/builder.rs	edge_empty_build_succeeds	keep	inline	hint:integration
crates/piperine-solver/src/core/builder.rs	edge_gnd_name_routes_to_ground	keep	inline	hint:integration
crates/piperine-solver/src/core/introspect.rs	model_descriptor_default_is_empty_sentinel	keep	inline	hint:unit
crates/piperine-solver/src/core/introspect.rs	named_catalogs_default_empty_for_simple_element	keep	inline	hint:unit
crates/piperine-solver/src/core/introspect.rs	observable_catalog_defaults_empty_for_simple_element	keep	inline	hint:unit
crates/piperine-solver/src/core/introspect.rs	parameters_are_discoverable_and_writable	keep	inline	hint:unit
crates/piperine-solver/src/core/introspect.rs	probe_selection_default_empty_and_contains_check_works	keep	inline	hint:unit
crates/piperine-solver/src/core/introspect.rs	queries_default_through_opvars	keep	inline	hint:unit
crates/piperine-solver/src/core/introspect.rs	terminal_descriptor_new_sets_defaults	keep	inline	hint:unit
crates/piperine-solver/src/core/introspect.rs	terminal_descriptor_with_custom_values	keep	inline	hint:unit
crates/piperine-solver/src/core/introspect.rs	terminal_kind_distinguishes_external_internal_auxiliary	keep	inline	hint:unit
crates/piperine-solver/src/core/net.rs	analog_net_carries_its_variable_for_lookup	keep	inline	hint:unit
crates/piperine-solver/src/core/net.rs	analog_node_and_branch_map_to_named_nets	keep	inline	hint:unit
crates/piperine-solver/src/core/net.rs	digital_and_pseudo_nets_have_no_analog_variable	keep	inline	hint:unit
crates/piperine-solver/src/core/net.rs	digital_net_maps_symmetrically	keep	inline	hint:unit
crates/piperine-solver/src/core/net.rs	ground_is_a_pseudo_net_with_no_index	keep	inline	hint:unit
crates/piperine-solver/src/core/port.rs	test_port_enum_variants	keep	inline	hint:unit
crates/piperine-solver/src/digital/events.rs	digital_state_carries_source_labels_or_anonymous_fallback	keep	inline	hint:unit
crates/piperine-solver/src/digital/events.rs	test_checkpoint_rollback	keep	inline	hint:unit
crates/piperine-solver/src/digital/events.rs	test_evaluate_until_stable_chain	keep	inline	hint:unit
crates/piperine-solver/src/digital/events.rs	test_event_ordering	keep	inline	hint:unit
crates/piperine-solver/src/digital/events.rs	test_logic_resolution	keep	inline	hint:unit
crates/piperine-solver/src/digital/interface.rs	external_model_emits_through_the_sink	keep	inline	hint:unit
crates/piperine-solver/src/math/faer.rs	reset_clears_stamps_without_reallocating	keep	inline	hint:unit
crates/piperine-solver/src/math/integration.rs	bdf2_first_step_falls_back_to_backward_euler	keep	inline	hint:unit
crates/piperine-solver/src/math/integration.rs	bdf2_non_uniform_uses_three_point_formula	keep	inline	hint:unit
crates/piperine-solver/src/math/integration.rs	bdf2_uniform_collapses_to_canonical_form	keep	inline	hint:unit
crates/piperine-solver/src/math/integration.rs	lte_default_element_returns_none	keep	inline	hint:unit
crates/piperine-solver/src/math/integration.rs	lte_element_override_returns_custom_dt	keep	inline	hint:unit
crates/piperine-solver/src/math/integration.rs	milne_lte_is_positive_for_curvature	keep	inline	hint:unit
crates/piperine-solver/src/math/integration.rs	milne_lte_is_zero_for_constant_charge	keep	inline	hint:unit
crates/piperine-solver/src/math/integration.rs	milne_lte_is_zero_for_linear_charge	keep	inline	hint:unit
crates/piperine-solver/src/math/integration.rs	trapezoid_degenerate_inputs_integrate_to_zero	keep	inline	hint:unit
crates/piperine-solver/src/math/integration.rs	trapezoid_non_uniform_grid	keep	inline	hint:unit
crates/piperine-solver/src/math/integration.rs	trapezoid_uniform_grid	keep	inline	hint:unit
crates/piperine-solver/src/math/integration.rs	trbdf2_bdf2_phase_coeffs_hand_computed	keep	inline	hint:unit
crates/piperine-solver/src/math/integration.rs	trbdf2_bdf2_phase_coeffs_match_nonuniform_formula	keep	inline	hint:unit
crates/piperine-solver/src/math/integration.rs	trbdf2_gamma_is_two_minus_sqrt2	keep	inline	hint:unit
crates/piperine-solver/src/math/integration.rs	trbdf2_stage_coeffs_degrade_to_backward_euler_on_restart	keep	inline	hint:unit
crates/piperine-solver/src/math/integration.rs	trbdf2_stage_coeffs_pass_through_with_history	keep	inline	hint:unit
crates/piperine-solver/src/math/integration.rs	trbdf2_trapezoidal_phase_coeffs_match_formula	keep	inline	hint:unit
crates/piperine-solver/tests/abi_surface.rs	abi_compiles_an_element	keep	tests	hint:unit
crates/piperine-solver/tests/capabilities_contract.rs	every_surviving_capability_flag_is_documented	keep	tests	hint:integration
crates/piperine-solver/tests/capabilities_contract.rs	jacobian_capability_bits_compose_correctly	keep	tests	hint:integration
crates/piperine-solver/tests/capabilities_contract.rs	removed_write_only_flags_stay_gone	keep	tests	hint:integration
crates/piperine-solver/tests/checkpoint_restore.rs	_context_default_compiles_for_later_tests	keep	tests	hint:unit
crates/piperine-solver/tests/checkpoint_restore.rs	checkpoint_then_restore_round_trips_state	keep	tests	hint:unit
crates/piperine-solver/tests/checkpoint_restore.rs	dc_homotopy_fallthrough_drives_restore_between_strategies	keep	tests	hint:unit
crates/piperine-solver/tests/checkpoint_restore.rs	default_checkpoint_state_is_none	keep	tests	hint:unit
crates/piperine-solver/tests/checkpoint_restore.rs	default_limiting_report_is_none	keep	tests	hint:unit
crates/piperine-solver/tests/checkpoint_restore.rs	default_restore_state_is_a_noop	keep	tests	hint:unit
crates/piperine-solver/tests/checkpoint_restore.rs	supports_rollback_flag_is_declared_alongside_the_hooks	keep	tests	hint:unit
crates/piperine-solver/tests/checkpoint_restore.rs	transient_reject_drives_restore_accept_discards	keep	tests	hint:unit
crates/piperine-solver/tests/composed_element.rs	analog_only_double_solves_through_the_composed_surface	keep	tests	hint:unit
crates/piperine-solver/tests/composed_element.rs	defaulted_concerns_are_inert	keep	tests	hint:unit
crates/piperine-solver/tests/context_init.rs	context_default_does_not_init_globals	keep	tests	hint:unit
crates/piperine-solver/tests/digital_events_unified.rs	digital_event_enters_unified_queue_with_correct_semantics	keep	tests	hint:unit
crates/piperine-solver/tests/digital_events_unified.rs	digital_event_peek_next_time_matches_event_time	keep	tests	hint:unit
crates/piperine-solver/tests/digital_events_unified.rs	digital_event_round_trips_through_event_entry_digital_constructor	keep	tests	hint:unit
crates/piperine-solver/tests/digital_events_unified.rs	digital_events_drain_in_time_order	keep	tests	hint:unit
crates/piperine-solver/tests/digital_events_unified.rs	digital_scheduler_emission_surface_unchanged	keep	tests	hint:unit
crates/piperine-solver/tests/digital_events_unified.rs	drained_digital_events_return_on_rollback	keep	tests	hint:unit
crates/piperine-solver/tests/digital_topology.rs	test_a2d_falling_crossing	keep	tests	hint:unit
crates/piperine-solver/tests/digital_topology.rs	test_a2d_hysteresis_blocks_small_swing	keep	tests	hint:unit
crates/piperine-solver/tests/digital_topology.rs	test_a2d_no_duplicate_crossings	keep	tests	hint:unit
crates/piperine-solver/tests/digital_topology.rs	test_a2d_rising_crossing	keep	tests	hint:unit
crates/piperine-solver/tests/digital_topology.rs	test_a2d_rising_then_falling	keep	tests	hint:unit
crates/piperine-solver/tests/digital_topology.rs	test_cosim_d2a_event_at_correct_time	keep	tests	hint:unit
crates/piperine-solver/tests/digital_topology.rs	test_cosim_d2a_multiple_events	keep	tests	hint:unit
crates/piperine-solver/tests/digital_topology.rs	test_d2a_interrupted_ramp	keep	tests	hint:unit
crates/piperine-solver/tests/digital_topology.rs	test_d2a_no_restart_on_same_value	keep	tests	hint:unit
crates/piperine-solver/tests/digital_topology.rs	test_d2a_voltage_ramp	keep	tests	hint:unit
crates/piperine-solver/tests/digital_topology.rs	test_d2a_x_holds_voltage	keep	tests	hint:unit
crates/piperine-solver/tests/digital_topology.rs	test_dff_does_not_capture_on_falling_edge	keep	tests	hint:unit
crates/piperine-solver/tests/digital_topology.rs	test_dff_pipeline_three_stages	keep	tests	hint:unit
crates/piperine-solver/tests/digital_topology.rs	test_dff_rising_edge_capture	keep	tests	hint:unit
crates/piperine-solver/tests/digital_topology.rs	test_diamond_propagation	keep	tests	hint:unit
crates/piperine-solver/tests/digital_topology.rs	test_fan_out_topology	keep	tests	hint:unit
crates/piperine-solver/tests/digital_topology.rs	test_ring_oscillator_five_inv	keep	tests	hint:unit
crates/piperine-solver/tests/digital_topology.rs	test_rs_nor_latch_holds_state	keep	tests	hint:unit
crates/piperine-solver/tests/digital_topology.rs	test_rs_nor_latch_reset	keep	tests	hint:unit
crates/piperine-solver/tests/digital_topology.rs	test_rs_nor_latch_set	keep	tests	hint:unit
crates/piperine-solver/tests/digital_topology.rs	test_topology_diamond	keep	tests	hint:unit
crates/piperine-solver/tests/digital_topology.rs	test_topology_disconnected_subgraphs	keep	tests	hint:unit
crates/piperine-solver/tests/digital_topology.rs	test_topology_empty	keep	tests	hint:unit
crates/piperine-solver/tests/digital_topology.rs	test_topology_linear_chain	keep	tests	hint:unit
crates/piperine-solver/tests/digital_topology.rs	test_topology_ring_has_back_edge	keep	tests	hint:unit
crates/piperine-solver/tests/digital_topology.rs	test_topology_single_device	keep	tests	hint:unit
crates/piperine-solver/tests/digital_topology.rs	test_zero_delay_chain_propagates_in_one_pass	keep	tests	hint:unit
crates/piperine-solver/tests/event_adapters.rs	breakpoint_adapter_sets_correct_semantics	keep	tests	hint:unit
crates/piperine-solver/tests/event_adapters.rs	drained_breakpoint_stays_out_on_rollback	keep	tests	hint:unit
crates/piperine-solver/tests/event_adapters.rs	drained_scheduled_set_returns_on_rollback	keep	tests	hint:unit
crates/piperine-solver/tests/event_adapters.rs	drained_step_hint_stays_out_on_rollback	keep	tests	hint:unit
crates/piperine-solver/tests/event_adapters.rs	scheduled_set_adapter_sets_correct_semantics	keep	tests	hint:unit
crates/piperine-solver/tests/event_adapters.rs	step_hint_adapter_sets_correct_semantics	keep	tests	hint:unit
crates/piperine-solver/tests/event_adapters.rs	step_hint_yields_to_exact_priority_at_equal_time	keep	tests	hint:unit
crates/piperine-solver/tests/event_adapters.rs	unified_queue_reads_earliest_across_all_sources	keep	tests	hint:unit
crates/piperine-solver/tests/event_rollback.rs	event_rollback_is_deterministic_across_runs	keep	tests	hint:unit
crates/piperine-solver/tests/event_rollback.rs	mixed_event_sources_survive_rejected_steps	keep	tests	hint:unit
crates/piperine-solver/tests/lifecycle.rs	ac_hook_ordering_matches_chart	keep	tests	hint:unit
crates/piperine-solver/tests/lifecycle.rs	dc_hook_ordering_matches_chart	keep	tests	hint:unit
crates/piperine-solver/tests/lifecycle.rs	noise_hook_ordering_matches_chart	keep	tests	hint:unit
crates/piperine-solver/tests/lifecycle.rs	part_vii_section_19_has_nonempty_algorithm_flow_for_every_analysis	keep	tests	hint:unit
crates/piperine-solver/tests/lifecycle.rs	pss_hook_ordering_matches_chart	keep	tests	hint:unit
crates/piperine-solver/tests/lifecycle.rs	sens_hook_ordering_matches_chart	keep	tests	hint:unit
crates/piperine-solver/tests/lifecycle.rs	test_lifecycle_hooks_called	keep	tests	hint:unit
crates/piperine-solver/tests/lifecycle.rs	test_setup_error_propagates	keep	tests	hint:unit
crates/piperine-solver/tests/lifecycle.rs	tran_hook_ordering_matches_chart	keep	tests	hint:unit
crates/piperine-solver/tests/limiting_report.rs	active_limiter_vetoes_newton_convergence	keep	tests	hint:unclear
crates/piperine-solver/tests/limiting_report.rs	newton_applies_limited_value_to_the_guess	keep	tests	hint:unit
crates/piperine-solver/tests/live_params.rs	device_introspect_reaches_the_labeled_devices_introspect_surface	keep	tests	hint:unit
crates/piperine-solver/tests/live_params.rs	device_introspect_returns_none_for_an_unknown_label	keep	tests	hint:unit
crates/piperine-solver/tests/live_params.rs	idle_set_applies_to_the_next_analysis_run	keep	tests	hint:unit
crates/piperine-solver/tests/live_params.rs	out_of_bounds_set_fails_loud_and_leaves_value_unchanged	keep	tests	hint:unit
crates/piperine-solver/tests/live_params.rs	same_param_sets_at_one_time_apply_last_write_wins_with_one_breakpoint	keep	tests	hint:unit
crates/piperine-solver/tests/live_params.rs	scheduled_op_strength_set_resolves_consistently_at_the_breakpoint	keep	tests	hint:unit
crates/piperine-solver/tests/live_params.rs	scheduled_set_at_or_before_zero_applies_to_the_whole_run	keep	tests	hint:unit
crates/piperine-solver/tests/live_params.rs	scheduled_set_with_bad_addressing_fails_the_run_loud	keep	tests	hint:unit
crates/piperine-solver/tests/live_params.rs	set_through_held_dc_analysis_invalidates_bypass_cache	keep	tests	hint:unit
crates/piperine-solver/tests/live_params.rs	set_through_held_dc_analysis_keeps_loud_errors	keep	tests	hint:unit
crates/piperine-solver/tests/live_params.rs	unknown_label_fails_loud_with_the_path	keep	tests	hint:unit
crates/piperine-solver/tests/live_params.rs	unknown_param_fails_loud_and_lists_available_params	keep	tests	hint:unit
crates/piperine-solver/tests/live_params.rs	unknown_param_on_paramless_element_says_so	keep	tests	hint:unit
crates/piperine-solver/tests/mixed_signal.rs	test_a2d_comparator_above_threshold	keep	tests	hint:unit
crates/piperine-solver/tests/mixed_signal.rs	test_a2d_comparator_below_threshold	keep	tests	hint:unit
crates/piperine-solver/tests/mixed_signal.rs	test_a2d_comparator_exact_threshold	keep	tests	hint:unit
crates/piperine-solver/tests/mixed_signal.rs	test_a2d_comparator_hysteresis_less_crossing	keep	tests	hint:unit
crates/piperine-solver/tests/mixed_signal.rs	test_a2d_comparator_no_repeat_fire	keep	tests	hint:unit
crates/piperine-solver/tests/mixed_signal.rs	test_a2d_differential_input	keep	tests	hint:unit
crates/piperine-solver/tests/mixed_signal.rs	test_a2d_drives_digital_chain	keep	tests	hint:unit
crates/piperine-solver/tests/mixed_signal.rs	test_a2d_multiple_comparators_simultaneous	keep	tests	hint:unit
crates/piperine-solver/tests/mixed_signal.rs	test_d2a_gated_isrc_disabled_no_stamps	keep	tests	hint:unit
crates/piperine-solver/tests/mixed_signal.rs	test_d2a_gated_isrc_enabled_stamps	keep	tests	hint:unit
crates/piperine-solver/tests/mixed_signal.rs	test_d2a_selective_current_sources	keep	tests	hint:unit
crates/piperine-solver/tests/mixed_signal.rs	test_d2a_switch_closed_stamps_conductance	keep	tests	hint:unit
crates/piperine-solver/tests/mixed_signal.rs	test_d2a_switch_open_no_stamps	keep	tests	hint:unit
crates/piperine-solver/tests/mixed_signal.rs	test_d2a_switch_toggle_stamps	keep	tests	hint:unit
crates/piperine-solver/tests/mixed_signal.rs	test_d2a_switch_x_state_stays_open	keep	tests	hint:unit
crates/piperine-solver/tests/mixed_signal.rs	test_d2a_switch_z_state_stays_open	keep	tests	hint:unit
crates/piperine-solver/tests/mixed_signal.rs	test_glitch_suppression_rapid_transitions	keep	tests	hint:unit
crates/piperine-solver/tests/mixed_signal.rs	test_loop_comparator_closes_switch	keep	tests	hint:unit
crates/piperine-solver/tests/mixed_signal.rs	test_loop_comparator_opens_switch	keep	tests	hint:unit
crates/piperine-solver/tests/mixed_signal.rs	test_sah_captures_on_posedge	keep	tests	hint:unit
crates/piperine-solver/tests/mixed_signal.rs	test_sah_holds_when_clock_low	keep	tests	hint:unit
crates/piperine-solver/tests/mixed_signal.rs	test_sah_sequential_samples	keep	tests	hint:unit
crates/piperine-solver/tests/mixed_signal.rs	test_schmitt_falling_fires_below_low	keep	tests	hint:unit
crates/piperine-solver/tests/mixed_signal.rs	test_schmitt_hysteresis_suppresses_glitch	keep	tests	hint:unit
crates/piperine-solver/tests/mixed_signal.rs	test_schmitt_rising_fires_above_high	keep	tests	hint:unit
crates/piperine-solver/tests/parity_baseline.rs	parity_digital_scheduler_snapshot	keep	tests	hint:unit
crates/piperine-solver/tests/parity_baseline.rs	parity_diode_dc_point	keep	tests	hint:unit
crates/piperine-solver/tests/parity_baseline.rs	parity_divider_op_dc	keep	tests	hint:unit
crates/piperine-solver/tests/parity_baseline.rs	parity_mixed_signal_dc_settle	keep	tests	hint:unit
crates/piperine-solver/tests/parity_baseline.rs	parity_rc_transient	keep	tests	hint:unit
crates/piperine-solver/tests/parity_baseline.rs	parity_rlc_ac_resonant_peak	keep	tests	hint:unit
crates/piperine-solver/tests/prelude_surface.rs	prelude_voltage_divider	keep	tests	hint:unit
crates/piperine-solver/tests/probe_selection.rs	empty_selection_and_no_global_flag_records_nothing	keep	tests	hint:unit
crates/piperine-solver/tests/probe_selection.rs	probe_selection_records_only_requested_state_observable	keep	tests	hint:unit
crates/piperine-solver/tests/probe_selection.rs	probe_selection_records_only_requested_var_observable	keep	tests	hint:unit
crates/piperine-solver/tests/probe_selection.rs	record_device_state_true_records_full_banks	keep	tests	hint:unit
crates/piperine-solver/tests/probe_selection.rs	selective_recording_advances_per_accepted_step	keep	tests	hint:unit
crates/piperine-solver/tests/probe_selection.rs	ten_devices_one_observable_records_only_that_device	keep	tests	hint:unit
crates/piperine-solver/tests/probe_selection.rs	unknown_device_fails_loud_at_setup	keep	tests	hint:unit
crates/piperine-solver/tests/probe_selection.rs	unknown_observable_fails_loud_at_setup	keep	tests	hint:unit
crates/piperine-solver/tests/probe_selection.rs	valid_probe_selection_passes_setup	keep	tests	hint:unit
crates/piperine-solver/tests/probe_selection.rs	with_probe_selection_builder_stores_requests	keep	tests	hint:unit
crates/piperine-solver/tests/solver_entry.rs	test_solver_entry_point	keep	tests	hint:unit
crates/piperine-solver/tests/solver_entry.rs	test_solver_setup_error_propagation	keep	tests	hint:unit
crates/piperine-solver/tests/stepper_fold.rs	custom_stepper_receives_propose_calls_through_plan	keep	tests	hint:unit
crates/piperine-solver/tests/stepper_fold.rs	default_plan_stepper_is_routed_through_accessor	keep	tests	hint:unit
crates/piperine-solver/tests/stepper_fold.rs	parity_default_plan_completes_run_and_reaches_stop_time	keep	tests	hint:unit
crates/piperine-solver/tests/temperature.rs	default_set_temperature_is_noop	keep	tests	hint:integration
crates/piperine-solver/tests/temperature.rs	set_temperature_called_before_first_load	keep	tests	hint:integration
crates/piperine-solver/tests/temperature.rs	temperature_sweep_reseeds_every_element	keep	tests	hint:integration
tests/compile_once_sweep.rs	sweep_compiles_once_and_matches_the_staged_path	keep	tests	hint:integration
tests/dc_host_proof.rs	nested_and_source_sweeps_restamp_one_compilation	keep	tests	hint:integration
tests/disto.rs	cubic_stage_hd2_hd3_match_closed_form_through_the_host	keep	tests	hint:integration
tests/disto.rs	cubic_stage_two_tone_reports_im2_im3	keep	tests	hint:integration
tests/host_complex_waveform_margins.rs	bandwidth_3db_fails_loud_on_zero_reference	keep	tests	hint:unit
tests/host_complex_waveform_margins.rs	bandwidth_3db_matches_analytic_corner	keep	tests	hint:unit
tests/host_complex_waveform_margins.rs	gain_margin_fails_loud_when_phase_never_reaches_180	keep	tests	hint:unit
tests/host_complex_waveform_margins.rs	gain_margin_matches_analytic_value	keep	tests	hint:unit
tests/host_complex_waveform_margins.rs	phase_margin_matches_analytic_value	keep	tests	hint:unit
tests/host_complex_waveform_margins.rs	unity_gain_freq_fails_loud_when_never_crossed	keep	tests	hint:unit
tests/host_complex_waveform_margins.rs	unity_gain_freq_matches_analytic_crossing	keep	tests	hint:unit
tests/host_introspect.rs	introspection_works_on_opvarless_device	keep	tests	hint:integration
tests/host_introspect.rs	model_descriptor_echoes_module_name_when_no_at_model	keep	tests	hint:integration
tests/host_introspect.rs	observables_lists_named_var_catalog	keep	tests	hint:integration
tests/host_introspect.rs	param_descriptor_reflects_bounds_scope_invalidation	keep	tests	hint:integration
tests/host_introspect.rs	params_lists_the_full_parameter_catalog	keep	tests	hint:integration
tests/host_introspect.rs	terminals_carry_external_kind_for_declared_ports	keep	tests	hint:integration
tests/host_introspect.rs	unknown_instance_label_fails_loud	keep	tests	hint:integration
tests/host_introspect.rs	unknown_param_fails_loud	keep	tests	hint:integration
tests/host_limiting.rs	stats_limiting_accessible_on_nonlinear_circuit	keep	tests	hint:integration
tests/host_limiting.rs	stats_limiting_is_empty_for_linear_circuit	keep	tests	hint:integration
tests/host_noise.rs	by_source_returns_per_source_psd_waveforms	keep	tests	hint:integration
tests/host_noise.rs	contributions_lists_per_source_catalog	keep	tests	hint:integration
tests/host_noise.rs	sum_of_integrated_sq_matches_total_squared	keep	tests	hint:integration
tests/host_parity.rs	host_parity_analyses_match_on_both_hosts	keep	tests	hint:integration
tests/host_parity.rs	host_parity_probe_flags_a_synthetic_missing_analysis	keep	tests	hint:integration
tests/host_probe.rs	malformed_probe_path_fails_loud	keep	tests	hint:integration
tests/host_probe.rs	opvar_read_fails_loud_on_unknown_name	keep	tests	hint:integration
tests/host_probe.rs	opvar_read_fails_loud_when_not_recorded	keep	tests	hint:integration
tests/host_probe.rs	record_device_state_true_enables_opvar_read_without_explicit_probe	keep	tests	hint:integration
tests/host_probe.rs	recorded_opvar_over_time_matches_dc_opvar_at_a_held_point	keep	tests	hint:integration
tests/host_probe.rs	unknown_device_fails_loud_at_setup	keep	tests	hint:integration
tests/host_probe.rs	unknown_observable_fails_loud_at_setup	keep	tests	hint:integration
tests/host_result_types.rs	disto_result_is_the_typed_api_struct	keep	tests	hint:integration
tests/host_result_types.rs	pz_result_is_the_typed_api_struct	keep	tests	hint:integration
tests/host_result_types.rs	sparam_result_is_the_typed_api_struct_with_named_accessor	keep	tests	hint:integration
tests/host_waveform_measure.rs	delay_fails_loud_when_level_is_never_crossed	keep	tests	hint:integration
tests/host_waveform_measure.rs	delay_matches_v_over_two_crossing	keep	tests	hint:integration
tests/host_waveform_measure.rs	fall_time_rejects_a_rising_step	keep	tests	hint:integration
tests/host_waveform_measure.rs	flat_signal_fails_loud_on_every_step_measurement	keep	tests	hint:integration
tests/host_waveform_measure.rs	overshoot_is_zero_for_first_order_rc	keep	tests	hint:integration
tests/host_waveform_measure.rs	rise_time_matches_first_order_rc_analytic_value	keep	tests	hint:integration
tests/host_waveform_measure.rs	settling_time_matches_first_order_rc_analytic_value	keep	tests	hint:integration
tests/host_waveform_measure.rs	settling_time_rejects_negative_tolerance	keep	tests	hint:integration
tests/host_waveform_measure.rs	slew_rate_matches_v_over_rise_time	keep	tests	hint:integration
tests/host_waveform_transforms.rs	clip_saturates_out_of_band_values	keep	tests	hint:unit
tests/host_waveform_transforms.rs	derivative_fails_loud_on_a_single_sample	keep	tests	hint:unit
tests/host_waveform_transforms.rs	derivative_is_exact_on_a_linear_signal	keep	tests	hint:unit
tests/host_waveform_transforms.rs	fft_fails_loud_on_a_single_sample	keep	tests	hint:unit
tests/host_waveform_transforms.rs	fft_fails_loud_on_zero_span	keep	tests	hint:unit
tests/host_waveform_transforms.rs	fft_round_trips_a_known_tone	keep	tests	hint:unit
tests/host_waveform_transforms.rs	integral_is_exact_on_a_constant_signal	keep	tests	hint:unit
tests/host_waveform_transforms.rs	resample_interpolates_at_each_grid_point	keep	tests	hint:unit
tests/net_selector.rs	cross_takes_the_crossdirection_enum	keep	tests	hint:integration
tests/net_selector.rs	scale_enum_and_bool_both_convert_to_logarithmic	keep	tests	hint:integration
tests/net_selector.rs	v_accepts_bare_str	keep	tests	hint:integration
tests/net_selector.rs	v_accepts_str_tuple_for_differential_read	keep	tests	hint:integration
tests/net_selector.rs	v_still_accepts_bare_netref	keep	tests	hint:integration
tests/ngspice_validation.rs	ngspice_absent_takes_the_skip_branch	keep	tests	hint:integration
tests/ngspice_validation.rs	ngspice_bjt_ce	keep	tests	hint:integration
tests/ngspice_validation.rs	ngspice_bjt_mirror	keep	tests	hint:integration
tests/ngspice_validation.rs	ngspice_diode_iv_sweep	keep	tests	hint:integration
tests/ngspice_validation.rs	ngspice_diode_series	keep	tests	hint:integration
tests/ngspice_validation.rs	ngspice_disto_diode	keep	tests	hint:integration
tests/ngspice_validation.rs	ngspice_divider	keep	tests	hint:integration
tests/ngspice_validation.rs	ngspice_four_diode	keep	tests	hint:integration
tests/ngspice_validation.rs	ngspice_jfet_bias	keep	tests	hint:integration
tests/ngspice_validation.rs	ngspice_jfet_id_vds_sweep	keep	tests	hint:integration
tests/ngspice_validation.rs	ngspice_mismatch_failure_is_actionable	keep	tests	hint:integration
tests/ngspice_validation.rs	ngspice_nmos2_fixed	keep	tests	hint:integration
tests/ngspice_validation.rs	ngspice_nmos2_id_vds_sweep	keep	tests	hint:integration
tests/ngspice_validation.rs	ngspice_nmos2_id_vgs_sweep	keep	tests	hint:integration
tests/ngspice_validation.rs	ngspice_nmos2_load	keep	tests	hint:integration
tests/ngspice_validation.rs	ngspice_nmos3_fixed	keep	tests	hint:integration
tests/ngspice_validation.rs	ngspice_nmos3_id_vds_sweep	keep	tests	hint:integration
tests/ngspice_validation.rs	ngspice_nmos3_id_vgs_sweep	keep	tests	hint:integration
tests/ngspice_validation.rs	ngspice_nmos3_load	keep	tests	hint:integration
tests/ngspice_validation.rs	ngspice_nmos_fixed	keep	tests	hint:integration
tests/ngspice_validation.rs	ngspice_nmos_id_vds_sweep	keep	tests	hint:integration
tests/ngspice_validation.rs	ngspice_nmos_id_vgs_sweep	keep	tests	hint:integration
tests/ngspice_validation.rs	ngspice_nmos_load	keep	tests	hint:integration
tests/ngspice_validation.rs	ngspice_pz_rc	keep	tests	hint:integration
tests/ngspice_validation.rs	ngspice_rdiode	keep	tests	hint:integration
tests/ngspice_validation.rs	ngspice_series_junctions_are_self_consistent	keep	tests	hint:integration
tests/ngspice_validation.rs	ngspice_tolerance_contract	keep	tests	hint:integration
tests/ngspice_validation.rs	ngspice_unparseable_output_fails_loud	keep	tests	hint:integration
tests/ngspice_validation.rs	ngspice_urc_lump10	keep	tests	hint:integration
tests/ngspice_validation.rs	ngspice_urc_lump2	keep	tests	hint:integration
tests/ngspice_validation.rs	ngspice_urc_lump5	keep	tests	hint:integration
tests/ngspice_validation.rs	ngspice_wrdata_parsed_strictly	keep	tests	hint:integration
tests/ngspice_validation.rs	ngspice_zero_shared_nodes_is_a_contract_violation	keep	tests	hint:integration
tests/opvar_host.rs	a_device_with_no_opvars_returns_an_empty_list	keep	tests	hint:integration
tests/opvar_host.rs	opvar_returns_the_devices_computed_operating_point_variable	keep	tests	hint:integration
tests/opvar_host.rs	opvars_lists_every_declared_operating_point_variable	keep	tests	hint:integration
tests/opvar_host.rs	unknown_instance_label_fails_loud	keep	tests	hint:integration
tests/opvar_host.rs	unknown_opvar_fails_loud	keep	tests	hint:integration
tests/plugin_parity.rs	plugin_parity_flags_a_synthetic_one_sided_drift	keep	tests	hint:integration
tests/plugin_parity.rs	plugin_parity_surfaces_match_on_both_hosts	keep	tests	hint:integration
tests/pss.rs	digital_divider_reports_k_times_period	keep	tests	hint:integration
tests/pss.rs	negative_tstab_is_loud	keep	tests	hint:integration
tests/pss.rs	non_periodic_circuit_fails_loud	keep	tests	hint:integration
tests/pss.rs	non_positive_period_is_loud	keep	tests	hint:integration
tests/pss.rs	sine_rc_converges_to_the_analytic_phasor	keep	tests	hint:integration
tests/pss_host.rs	rectifier_ripple_matches_settled_transient	keep	tests	hint:integration
tests/pss_host.rs	tstab_equivalence_and_settle_estimate	keep	tests	hint:integration
tests/pz.rs	rc_low_pass_has_one_real_pole_at_minus_one_over_rc	keep	tests	hint:integration
tests/pz.rs	series_rlc_has_the_analytic_complex_conjugate_pole_pair	keep	tests	hint:integration
tests/pz.rs	unknown_input_source_fails_loud	keep	tests	hint:integration
tests/run_examples.rs	every_example_phdl_elaborates	keep	tests	hint:integration
tests/run_examples.rs	every_example_python_runs	keep	tests	hint:integration
tests/sens.rs	diode_sensitivity_is_step_independent_and_signed	keep	tests	hint:integration
tests/sens.rs	divider_sensitivities_match_analytic_values	keep	tests	hint:integration
tests/sens.rs	sens_error_paths_are_loud	keep	tests	hint:integration
tests/sens.rs	sens_rebuild_class_param_fails_loud	keep	tests	hint:integration
tests/session.rs	op_nodeset_hint_is_accepted	keep	tests	hint:integration
tests/session.rs	op_result_reads_digital_nets_directly	keep	tests	hint:integration
tests/session.rs	run_op_solves_and_reads_back_by_net_name	keep	tests	hint:integration
tests/session.rs	staged_override_reaches_the_next_analysis	keep	tests	hint:integration
tests/session.rs	trace_i_on_stateful_device_fails_loud_when_recording_disabled	keep	tests	hint:integration
tests/session.rs	trace_i_on_stateful_device_recomputes_when_recording_enabled	keep	tests	hint:integration
tests/session.rs	trace_i_over_time_exercises_the_reactive_path	keep	tests	hint:integration
tests/session.rs	trace_i_over_time_recomputes_a_resistor_current	keep	tests	hint:integration
tests/session.rs	tran_delayed_start_records_from_start_not_zero	keep	tests	hint:integration
tests/session.rs	unaddressable_net_is_a_loud_error	keep	tests	hint:integration
tests/session_analyses.rs	session_sens_pss_pz_disto_sp_return_typed_results	keep	tests	hint:integration
tests/session_analyses.rs	session_set_on_unknown_param_is_a_loud_error	keep	tests	hint:integration
tests/session_analyses.rs	session_tran_ac_noise_return_typed_traces	keep	tests	hint:integration
tests/session_compile.rs	session_compiles_once_and_set_op_matches_fresh_builds	keep	tests	hint:integration
tests/session_dc_sweep.rs	dc_sweep_returns_a_trace_over_the_swept_axis_matching_fresh_builds	keep	tests	hint:integration
tests/session_sweep.rs	non_structural_sweep_never_rebuilds_and_matches_fresh_builds	keep	tests	hint:integration
tests/session_sweep.rs	structural_sweep_rebuilds_once_and_matches_fresh_builds	keep	tests	hint:integration
tests/session_sweep_grid.rs	map_failure_surfaces_with_the_combinations_coordinates	keep	tests	hint:integration
tests/session_sweep_grid.rs	nested_grid_visits_every_combination_shaped_like_the_axes	keep	tests	hint:integration
tests/session_tf.rs	tf_current_source_input_fails_loud	keep	tests	hint:integration
tests/session_tf.rs	tf_matches_the_closed_form_divider_transfer_characteristics	keep	tests	hint:integration
tests/sp.rs	no_rfport_declared_fails_loud	keep	tests	hint:integration
tests/sp.rs	shunt_c_lowpass_s21_matches_closed_form_rolloff	keep	tests	hint:integration
tests/spice_smoke.rs	spice_bjt_diode_drop	keep	tests	hint:integration
tests/spice_smoke.rs	spice_diode_forward_drop	keep	tests	hint:integration
tests/spice_smoke.rs	spice_divider_ratio	keep	tests	hint:integration
tests/spice_smoke.rs	spice_jfet_bias_conducts	keep	tests	hint:integration
tests/spice_smoke.rs	spice_mos1_diode_bias	keep	tests	hint:integration
tests/spice_smoke.rs	spice_rc_lowpass_corner	keep	tests	hint:integration
tests/spice_smoke.rs	spice_vcvs_gain	keep	tests	hint:integration
tests/tline.rs	tline_bad_td_is_loud	keep	tests	hint:integration
tests/tline.rs	tline_bad_z0_is_loud	keep	tests	hint:integration
tests/tline.rs	tline_matched_no_reflection	keep	tests	hint:integration
tests/tline.rs	tline_open_termination_doubles	keep	tests	hint:integration
tests/trace_generic.rs	ac_trace_is_the_same_generic_container_as_trace	keep	tests	hint:integration
tests/trace_generic.rs	noise_trace_is_the_same_generic_container_as_trace	keep	tests	hint:integration
tests/trace_generic.rs	noise_trace_still_exposes_psd_and_total	keep	tests	hint:integration
tests/trace_generic.rs	transient_is_real_and_ac_is_complex_on_the_same_container	keep	tests	hint:integration
tests/transient_reentry.rs	reentry_from_captured_state_matches_continuous_run	keep	tests	hint:integration
tests/units_freq.rs	freq_from_garbage_string_panics	keep	tests	hint:integration
tests/units_freq.rs	freq_from_si_suffixed_string	keep	tests	hint:integration
tests/units_freq.rs	session_ac_accepts_f64_and_si_string_identically	keep	tests	hint:integration
tests/urc_compile_count.rs	flatten_preserves_kernel_keying_and_restamp_invariants	keep	tests	hint:integration
tests/xfmr.rs	xfmr_bad_inductance_is_loud	keep	tests	hint:integration
tests/xfmr.rs	xfmr_bad_k_is_loud	keep	tests	hint:integration
tests/xfmr.rs	xfmr_coupled_lc_energy_transfer	keep	tests	hint:integration
tests/xfmr.rs	xfmr_open_secondary_voltage_ratio	keep	tests	hint:integration
